Unity Editor version:    6000.3.10f1 (e35f0c77bd8e)
Branch:                  6000.3/staging
Build type:              Release
Batch mode:              YES
macOS version:           Version 26.5.1 (Build 25F80)
Darwin version:          25.5.0
Architecture:            arm64
Running under Rosetta:   NO
Available memory:        49152 MB
Date:                    2026-06-10T03:53:59Z
[Licensing::Module] Trying to connect to existing licensing client channel...
[Licensing::IpcConnector] Successfully connected to: "LicenseClient-toneyisnow" at "2026-06-10T03:53:59.712652Z"

COMMAND LINE ARGUMENTS:
/Applications/Unity/Hub/Editor/6000.3.10f1/Unity.app/Contents/MacOS/Unity
-adb2
-batchMode
-noUpm
-name
AssetImportWorker1
-projectPath
/Users/toneyisnow/SourceCode/toneyisnow/PoemLinkageUnity/PoemLinkageUnity
-logFile
Logs/AssetImportWorker1.log
-srvPort
64263
-licensingIpc
LicenseClient-toneyisnow
-job-worker-count
5
-background-job-worker-count
8
-gc-helper-count
1
-name AssetImport
Successfully changed project path to: /Users/toneyisnow/SourceCode/toneyisnow/PoemLinkageUnity/PoemLinkageUnity
/Users/toneyisnow/SourceCode/toneyisnow/PoemLinkageUnity/PoemLinkageUnity
[UnityMemory] Configuration Parameters - Can be set up in boot.config
    "memorysetup-allocator-temp-initial-block-size-main=262144"
    "memorysetup-allocator-temp-initial-block-size-worker=262144"
    "memorysetup-temp-allocator-size-background-worker=32768"
    "memorysetup-temp-allocator-size-job-worker=262144"
    "memorysetup-temp-allocator-size-preload-manager=33554432"
    "memorysetup-temp-allocator-size-nav-mesh-worker=65536"
    "memorysetup-temp-allocator-size-audio-worker=65536"
    "memorysetup-temp-allocator-size-cloud-worker=32768"
    "memorysetup-bucket-allocator-granularity=16"
    "memorysetup-bucket-allocator-bucket-count=8"
    "memorysetup-bucket-allocator-block-size=33554432"
    "memorysetup-bucket-allocator-block-count=8"
    "memorysetup-main-allocator-block-size=16777216"
    "memorysetup-thread-allocator-block-size=16777216"
    "memorysetup-gfx-main-allocator-block-size=16777216"
    "memorysetup-gfx-thread-allocator-block-size=16777216"
    "memorysetup-cache-allocator-block-size=4194304"
    "memorysetup-typetree-allocator-block-size=2097152"
    "memorysetup-profiler-bucket-allocator-granularity=16"
    "memorysetup-profiler-bucket-allocator-bucket-count=8"
    "memorysetup-profiler-bucket-allocator-block-size=33554432"
    "memorysetup-profiler-bucket-allocator-block-count=8"
    "memorysetup-profiler-allocator-block-size=16777216"
    "memorysetup-profiler-editor-allocator-block-size=1048576"
    "memorysetup-temp-allocator-size-main=16777216"
    "memorysetup-job-temp-allocator-block-size=2097152"
    "memorysetup-job-temp-allocator-block-size-background=1048576"
    "memorysetup-job-temp-allocator-reduction-small-platforms=262144"
    "memorysetup-temp-allocator-size-gi-baking-worker=262144"
    "memorysetup-temp-allocator-size-gi-baking-worker=262144"
    "memorysetup-temp-allocator-size-gi-baking-worker=262144"
    "memorysetup-temp-allocator-size-gi-baking-worker=262144"
    "memorysetup-temp-allocator-size-gi-baking-worker=262144"
    "memorysetup-temp-allocator-size-gfx=262144"
Player connection [8275779200]  Target information:

Player connection [8275779200]  * "[IP] 10.0.0.134 [Port] 0 [Flags] 2 [Guid] 1876170395 [EditorId] 1876170395 [Version] 1048832 [Id] OSXEditor(0,Toneys-Mac-mini.local) [Debug] 1 [PackageName] OSXEditor [ProjectName] Editor" 

Player connection [8275779200] Host joined multi-casting on [225.0.0.222:54997]...
Player connection [8275779200] Host joined alternative multi-casting on [225.0.0.222:34997]...
JobSystem: Creating JobQueue using job-worker-count value 5
Input System module state changed to: Initialized.
[Physics::Module] Initialized fallback backend.
[Physics::Module] Id: 0xdecafbad
Library Redirect Path: Library/
[Physics::Module] Selected backend.
[Physics::Module] Name: PhysX
[Physics::Module] Id: 0xf2b8ea05
[Physics::Module] SDK Version: 4.1.2
[Physics::Module] Integration Version: 1.0.0
[Physics::Module] Threading Mode: Multi-Threaded
Refreshing native plugins compatible for Editor in 0.80 ms, found 2 plugins.
Preloading 0 native plugins for Editor in 0.00 ms.
Initialize engine version: 6000.3.10f1 (e35f0c77bd8e)
[Subsystems] Discovering subsystems at path /Applications/Unity/Hub/Editor/6000.3.10f1/Unity.app/Contents/Resources/UnitySubsystems
[Subsystems] Discovering subsystems at path /Users/toneyisnow/SourceCode/toneyisnow/PoemLinkageUnity/PoemLinkageUnity/Assets
GfxDevice: creating device client; kGfxThreadingModeNonThreaded
 preferred device: Apple M4 Pro (high power)
Metal devices available: 1
0: Apple M4 Pro (high power)
Using device Apple M4 Pro (high power)
Initializing Metal device caps: Apple M4 Pro
Mac GPU Family: 2
Apple GPU Family: 9
MSL Version: 3.0
Has Float MSAA: 1
Has Float Filtering: 1
ReadWrite Texture Tier: 2
Initialize mono
Mono path[0] = '/Applications/Unity/Hub/Editor/6000.3.10f1/Unity.app/Contents/Resources/Scripting/Managed'
Mono path[1] = '/Applications/Unity/Hub/Editor/6000.3.10f1/Unity.app/Contents/Resources/Scripting/MonoBleedingEdge/lib/mono/unityjit-macos'
Mono config path = '/Applications/Unity/Hub/Editor/6000.3.10f1/Unity.app/Contents/Resources/Scripting/MonoBleedingEdge/etc'
Using monoOptions --debugger-agent=transport=dt_socket,embedding=1,server=y,suspend=n,address=127.0.0.1:56830
Begin MonoManager ReloadAssembly
Registering precompiled unity dll's ...
Register platform support module: /Applications/Unity/Hub/Editor/6000.3.10f1/Unity.app/Contents/PlaybackEngines/MacStandaloneSupport/UnityEditor.OSXStandalone.Extensions.dll
[Licensing::Module] Licensing is not yet initialized.
[Licensing::Client] Handshaking with LicensingClient:
  Version:                 1.17.4+4293ba1
  Session Id:              ed3d7dd369d144ea95b33f91e59de5a9
  Correlation Id:          6159a68b0375bdc62ea5c84d7301a364
  External correlation Id: 5911425495888811479
  Machine Id:              JnnPXKBZUviUIKO1gSb5kfNugb8=
[Licensing::Module] Successfully connected to LicensingClient on channel: "LicenseClient-toneyisnow" (connect: 0.00s, validation: 0.00s, handshake: 0.66s)
[Licensing::IpcConnector] Successfully connected to: "LicenseClient-toneyisnow-notifications" at "2026-06-10T03:54:00.376901Z"
[Licensing::Module] Licensing Background thread has ended after 0.66s
[Licensing::Module] Licensing is initialized (took 0.18s).
[Licensing::Client] Successfully resolved entitlement details
[Licensing::Module] License group:
  Id: 6614505-UnityPersXXXX
  Product: Unity Personal
  Type: Assigned
  Expiration: Unlimited
Register platform support module: /Applications/Unity/Hub/Editor/6000.3.10f1/PlaybackEngines/iOSSupport/UnityEditor.iOS.Extensions.dll
Register platform support module: /Applications/Unity/Hub/Editor/6000.3.10f1/PlaybackEngines/LinuxStandaloneSupport/UnityEditor.LinuxStandalone.Extensions.dll
Registered in 0.175981 seconds.
- Loaded All Assemblies, in  0.363 seconds
Native extension for LinuxStandalone target not found
[usbmuxd] Start listen thread
[usbmuxd] Listen thread started
[usbmuxd] Send listen message
Native extension for iOS target not found
Native extension for OSXStandalone target not found
Package Manager log level set to [2]
[Package Manager] Failed to launch server process. Reason: Unity was launched with the -noUpm command-line argument
[Package Manager] Unable to send message (not connected to server process).
[Package Manager] Cannot connect to Unity Package Manager local server
ScheduleIndexationOnStartup MainProcess:False IndexOnStartup:True
Mono: successfully reloaded assembly
- Finished resetting the current domain, in  0.249 seconds
Domain Reload Profiling: 612ms
	BeginReloadAssembly (54ms)
		ExecutionOrderSort (0ms)
		DisableScriptedObjects (0ms)
		BackupInstance (0ms)
		ReleaseScriptingObjects (0ms)
		CreateAndSetChildDomain (0ms)
	RebuildCommonClasses (21ms)
	RebuildNativeTypeToScriptingClass (7ms)
	initialDomainReloadingComplete (195ms)
	LoadAllAssembliesAndSetupDomain (86ms)
		LoadAssemblies (54ms)
		RebuildTransferFunctionScriptingTraits (0ms)
		AnalyzeDomain (85ms)
			TypeCache.Refresh (84ms)
				TypeCache.ScanAssembly (77ms)
			BuildScriptInfoCaches (0ms)
			ResolveRequiredComponents (0ms)
	FinalizeReload (249ms)
		ReleaseScriptCaches (0ms)
		RebuildScriptCaches (0ms)
		SetupLoadedEditorAssemblies (229ms)
			LogAssemblyErrors (0ms)
			InitializePlatformSupportModulesInManaged (52ms)
			SetLoadedEditorAssemblies (2ms)
			BeforeProcessingInitializeOnLoad (51ms)
			ProcessInitializeOnLoadAttributes (89ms)
			ProcessInitializeOnLoadMethodAttributes (35ms)
			AfterProcessingInitializeOnLoad (0ms)
			EditorAssembliesLoaded (0ms)
		ExecutionOrderSort2 (0ms)
		AwakeInstancesAfterBackupRestoration (0ms)
[CoreBusinessMetrics] Unexpected thread when updating session info.
========================================================================
Worker process is ready to serve import requests
Import Worker Mode flag is 0x00
Begin MonoManager ReloadAssembly
[Licensing::Client] Successfully resolved entitlement details
- Loaded All Assemblies, in  0.301 seconds
Refreshing native plugins compatible for Editor in 0.21 ms, found 2 plugins.
Native extension for LinuxStandalone target not found
Native extension for iOS target not found
Native extension for OSXStandalone target not found
[Package Manager] Failed to launch server process. Reason: Unity was launched with the -noUpm command-line argument
[Package Manager] Unable to send message (not connected to server process).
[Package Manager] Cannot connect to Unity Package Manager local server
ScheduleIndexationOnStartup MainProcess:False IndexOnStartup:True
Mono: successfully reloaded assembly
- Finished resetting the current domain, in  0.297 seconds
Domain Reload Profiling: 598ms
	BeginReloadAssembly (61ms)
		ExecutionOrderSort (0ms)
		DisableScriptedObjects (2ms)
		BackupInstance (0ms)
		ReleaseScriptingObjects (0ms)
		CreateAndSetChildDomain (12ms)
	RebuildCommonClasses (19ms)
	RebuildNativeTypeToScriptingClass (7ms)
	initialDomainReloadingComplete (16ms)
	LoadAllAssembliesAndSetupDomain (199ms)
		LoadAssemblies (152ms)
		RebuildTransferFunctionScriptingTraits (0ms)
		AnalyzeDomain (74ms)
			TypeCache.Refresh (60ms)
				TypeCache.ScanAssembly (54ms)
			BuildScriptInfoCaches (12ms)
			ResolveRequiredComponents (1ms)
	FinalizeReload (298ms)
		ReleaseScriptCaches (0ms)
		RebuildScriptCaches (0ms)
		SetupLoadedEditorAssemblies (250ms)
			LogAssemblyErrors (0ms)
			InitializePlatformSupportModulesInManaged (7ms)
			SetLoadedEditorAssemblies (1ms)
			BeforeProcessingInitializeOnLoad (76ms)
			ProcessInitializeOnLoadAttributes (143ms)
			ProcessInitializeOnLoadMethodAttributes (22ms)
			AfterProcessingInitializeOnLoad (1ms)
			EditorAssembliesLoaded (0ms)
		ExecutionOrderSort2 (0ms)
		AwakeInstancesAfterBackupRestoration (1ms)
Launching external process: /Applications/Unity/Hub/Editor/6000.3.10f1/Unity.app/Contents/Helpers/UnityShaderCompiler
Launched and connected shader compiler UnityShaderCompiler after 0.02 seconds
Refreshing native plugins compatible for Editor in 0.29 ms, found 2 plugins.
Preloading 0 native plugins for Editor in 0.00 ms.
Unloading 0 Unused Serialized files (Serialized files now loaded: 0)
Unloading 2961 unused Assets / (0.8 MB). Loaded Objects now: 3564.
Memory consumption went from 95.9 MB to 95.1 MB.
Total: 4.230458 ms (FindLiveObjects: 0.137417 ms CreateObjectMapping: 0.049208 ms MarkObjects: 3.593917 ms  DeleteObjects: 0.449625 ms)

========================================================================
Received Import Request.
  Time since last request: 166151.820187 seconds.
  path: Assets/Plugins/Newtonsoft.Json.xml
  artifactKey: Guid(2e6c8577ebe49de4baedcf647777ebea) Importer(2089858483,b0f066a214c2f5e87bad3c948f4d605d)
Start importing Assets/Plugins/Newtonsoft.Json.xml using Guid(2e6c8577ebe49de4baedcf647777ebea) Importer(2089858483,b0f066a214c2f5e87bad3c948f4d605d) (ScriptedImporter) -> (artifact id: '17d60356c6c7b9fcd2ddf9159e6fc077') in 0.021403917 seconds
Number of updated asset objects reloaded before import = 0Number of asset objects unloaded after import = 1

========================================================================
Received Import Request.
  Time since last request: 0.000050 seconds.
  path: Assets/_Recovery/0.unity
  artifactKey: Guid(d6d2e3f30cede2444a9c501b86344d27) Importer(2089858483,b0f066a214c2f5e87bad3c948f4d605d)
Start importing Assets/_Recovery/0.unity using Guid(d6d2e3f30cede2444a9c501b86344d27) Importer(2089858483,b0f066a214c2f5e87bad3c948f4d605d) (ScriptedImporter) -> (artifact id: 'b7ad9c07afa27f2e958940d5206deb80') in 0.001980792 seconds
Number of updated asset objects reloaded before import = 0Number of asset objects unloaded after import = 1

========================================================================
Received Import Request.
  Time since last request: 0.000048 seconds.
  path: Assets/Resources/images/select_background.png
  artifactKey: Guid(2b3222c3ccf512f4f8824ac1cf1e86b1) Importer(2089858483,b0f066a214c2f5e87bad3c948f4d605d)
Start importing Assets/Resources/images/select_background.png using Guid(2b3222c3ccf512f4f8824ac1cf1e86b1) Importer(2089858483,b0f066a214c2f5e87bad3c948f4d605d) (ScriptedImporter) -> (artifact id: '8592b3eff469c71cc6de98a7f3de5761') in 0.038963583 seconds
Number of updated asset objects reloaded before import = 0Number of asset objects unloaded after import = 3

========================================================================
Received Import Request.
  Time since last request: 0.000067 seconds.
  path: Assets/Prefabs/ConnectionLinkVertical.prefab
  artifactKey: Guid(265bfbdb0bc6c2141931b2905d76cb97) Importer(2089858483,b0f066a214c2f5e87bad3c948f4d605d)
Start importing Assets/Prefabs/ConnectionLinkVertical.prefab using Guid(265bfbdb0bc6c2141931b2905d76cb97) Importer(2089858483,b0f066a214c2f5e87bad3c948f4d605d) (ScriptedImporter) -> (artifact id: 'f63df6f6f4b5b6ec97f29d1be9649825') in 0.004084417 seconds
Number of updated asset objects reloaded before import = 0Number of asset objects unloaded after import = 9

========================================================================
Received Import Request.
  Time since last request: 0.000036 seconds.
  path: Assets/Scenes/MainGameScene.unity
  artifactKey: Guid(2fec408d637f3704ea71a24fd6437ba3) Importer(2089858483,b0f066a214c2f5e87bad3c948f4d605d)
Start importing Assets/Scenes/MainGameScene.unity using Guid(2fec408d637f3704ea71a24fd6437ba3) Importer(2089858483,b0f066a214c2f5e87bad3c948f4d605d) (ScriptedImporter) -> (artifact id: '7b26fb8af52eb6518906051c5f5c2f1d') in 0.00148925 seconds
Number of updated asset objects reloaded before import = 0Number of asset objects unloaded after import = 1

========================================================================
Received Import Request.
  Time since last request: 0.000070 seconds.
  path: Assets/Images/control/star.png
  artifactKey: Guid(503213eeadddea6408339527e5720f3b) Importer(2089858483,b0f066a214c2f5e87bad3c948f4d605d)
Start importing Assets/Images/control/star.png using Guid(503213eeadddea6408339527e5720f3b) Importer(2089858483,b0f066a214c2f5e87bad3c948f4d605d) (ScriptedImporter) -> (artifact id: '3ac5969630852be680883761752e6b7a') in 0.002594292 seconds
Number of updated asset objects reloaded before import = 0Number of asset objects unloaded after import = 3

========================================================================
Received Import Request.
  Time since last request: 0.000078 seconds.
  path: Assets/Shaders/GrayMaterial.mat
  artifactKey: Guid(25095bff8a9ca1c479f673513a45695b) Importer(2089858483,b0f066a214c2f5e87bad3c948f4d605d)
Start importing Assets/Shaders/GrayMaterial.mat using Guid(25095bff8a9ca1c479f673513a45695b) Importer(2089858483,b0f066a214c2f5e87bad3c948f4d605d) (ScriptedImporter) -> (artifact id: 'fa1095af065a9e31f67ea4e7e0227577') in 0.004499666 seconds
Number of updated asset objects reloaded before import = 0Number of asset objects unloaded after import = 1

========================================================================
Received Import Request.
  Time since last request: 0.000203 seconds.
  path: Assets/Resources/images/stage_101_win.png
  artifactKey: Guid(df73fd71b99108247a1055f26d629633) Importer(2089858483,b0f066a214c2f5e87bad3c948f4d605d)
Start importing Assets/Resources/images/stage_101_win.png using Guid(df73fd71b99108247a1055f26d629633) Importer(2089858483,b0f066a214c2f5e87bad3c948f4d605d) (ScriptedImporter) -> (artifact id: '442fe969a416150551b9e12e0c140fbc') in 0.009130916 seconds
Number of updated asset objects reloaded before import = 0Number of asset objects unloaded after import = 3

========================================================================
Received Import Request.
  Time since last request: 0.000086 seconds.
  path: Assets/Images/control/welcom-button-0.png
  artifactKey: Guid(190a6485d5b56cb419b9cd370e86cf76) Importer(2089858483,b0f066a214c2f5e87bad3c948f4d605d)
Start importing Assets/Images/control/welcom-button-0.png using Guid(190a6485d5b56cb419b9cd370e86cf76) Importer(2089858483,b0f066a214c2f5e87bad3c948f4d605d) (ScriptedImporter) -> (artifact id: '687888f33583bddc7ab65cd8e9e32f15') in 0.003794791 seconds
Number of updated asset objects reloaded before import = 0Number of asset objects unloaded after import = 3

========================================================================
Received Import Request.
  Time since last request: 0.000058 seconds.
  path: Assets/Prefabs/HintBoard_4_7.prefab
  artifactKey: Guid(57e22d2f7dbae7141a43f708719b1c95) Importer(2089858483,b0f066a214c2f5e87bad3c948f4d605d)
Start importing Assets/Prefabs/HintBoard_4_7.prefab using Guid(57e22d2f7dbae7141a43f708719b1c95) Importer(2089858483,b0f066a214c2f5e87bad3c948f4d605d) (ScriptedImporter) -> (artifact id: 'aec400658c910d366523aef2485cb2e5') in 0.008017917 seconds
Number of updated asset objects reloaded before import = 0Number of asset objects unloaded after import = 15

========================================================================
Received Import Request.
  Time since last request: 0.000066 seconds.
  path: Assets/Resources/images/stage_107_poem.png
  artifactKey: Guid(9edee3ecc9768184fb6d8ea49274ca32) Importer(2089858483,b0f066a214c2f5e87bad3c948f4d605d)
Start importing Assets/Resources/images/stage_107_poem.png using Guid(9edee3ecc9768184fb6d8ea49274ca32) Importer(2089858483,b0f066a214c2f5e87bad3c948f4d605d) (ScriptedImporter) -> (artifact id: '85288eabc1eccacdeb646a64396e15dd') in 0.002973334 seconds
Number of updated asset objects reloaded before import = 0Number of asset objects unloaded after import = 3

========================================================================
Received Import Request.
  Time since last request: 0.000035 seconds.
  path: Assets/Prefabs/PuzzleBoard_Tiny.prefab
  artifactKey: Guid(b9b98e3cd414f9b408565a7e5295eef2) Importer(2089858483,b0f066a214c2f5e87bad3c948f4d605d)
Start importing Assets/Prefabs/PuzzleBoard_Tiny.prefab using Guid(b9b98e3cd414f9b408565a7e5295eef2) Importer(2089858483,b0f066a214c2f5e87bad3c948f4d605d) (ScriptedImporter) -> (artifact id: '1a7c8637cbb87c96d10d77f992b6deff') in 0.003242667 seconds
Number of updated asset objects reloaded before import = 0Number of asset objects unloaded after import = 30

========================================================================
Received Import Request.
  Time since last request: 0.000037 seconds.
  path: Assets/Images/control/lock.png
  artifactKey: Guid(37955fb86c0d0224d8b27b7e14a4aa72) Importer(2089858483,b0f066a214c2f5e87bad3c948f4d605d)
Start importing Assets/Images/control/lock.png using Guid(37955fb86c0d0224d8b27b7e14a4aa72) Importer(2089858483,b0f066a214c2f5e87bad3c948f4d605d) (ScriptedImporter) -> (artifact id: 'fbf64013eaaa00fe2bfd0e940e2e98cb') in 0.002885167 seconds
Number of updated asset objects reloaded before import = 0Number of asset objects unloaded after import = 3

========================================================================
Received Import Request.
  Time since last request: 0.000099 seconds.
  path: Assets/Prefabs/PuzzleBoard_Huge.prefab
  artifactKey: Guid(ccc4452ab931b24479891d91d269a819) Importer(2089858483,b0f066a214c2f5e87bad3c948f4d605d)
Start importing Assets/Prefabs/PuzzleBoard_Huge.prefab using Guid(ccc4452ab931b24479891d91d269a819) Importer(2089858483,b0f066a214c2f5e87bad3c948f4d605d) (ScriptedImporter) -> (artifact id: '094c44a5a40ffce7208431b6b10cd2e2') in 0.0042355 seconds
Number of updated asset objects reloaded before import = 0Number of asset objects unloaded after import = 30

========================================================================
Received Import Request.
  Time since last request: 0.000027 seconds.
  path: Assets/Images/control/left-arrow.png
  artifactKey: Guid(c32064dddaaec804caa890cb67066205) Importer(2089858483,b0f066a214c2f5e87bad3c948f4d605d)
Start importing Assets/Images/control/left-arrow.png using Guid(c32064dddaaec804caa890cb67066205) Importer(2089858483,b0f066a214c2f5e87bad3c948f4d605d) (ScriptedImporter) -> (artifact id: 'b86fa7928b0d48d5e8e27222f96f5486') in 0.002960167 seconds
Number of updated asset objects reloaded before import = 0Number of asset objects unloaded after import = 3

========================================================================
Received Import Request.
  Time since last request: 0.000084 seconds.
  path: Assets/Resources/images/stage_105_full.png
  artifactKey: Guid(d67be1e131e945a46ab8768994301d5b) Importer(2089858483,b0f066a214c2f5e87bad3c948f4d605d)
Start importing Assets/Resources/images/stage_105_full.png using Guid(d67be1e131e945a46ab8768994301d5b) Importer(2089858483,b0f066a214c2f5e87bad3c948f4d605d) (ScriptedImporter) -> (artifact id: '8f82ad37b530d86ef7ac26686f9e5567') in 0.00616025 seconds
Number of updated asset objects reloaded before import = 0Number of asset objects unloaded after import = 3

========================================================================
Received Import Request.
  Time since last request: 0.000098 seconds.
  path: Assets/Images/control/back.png
  artifactKey: Guid(6026877e5c74ce943950a3e3bb40104e) Importer(2089858483,b0f066a214c2f5e87bad3c948f4d605d)
Start importing Assets/Images/control/back.png using Guid(6026877e5c74ce943950a3e3bb40104e) Importer(2089858483,b0f066a214c2f5e87bad3c948f4d605d) (ScriptedImporter) -> (artifact id: '370f6f2162e9391e0c12196bd58ed2b0') in 0.003044875 seconds
Number of updated asset objects reloaded before import = 0Number of asset objects unloaded after import = 3

========================================================================
Received Import Request.
  Time since last request: 0.000086 seconds.
  path: Assets/Resources/images/stage_104_full.png
  artifactKey: Guid(46dcb5cc8c6873c4495793eda950c7c1) Importer(2089858483,b0f066a214c2f5e87bad3c948f4d605d)
Start importing Assets/Resources/images/stage_104_full.png using Guid(46dcb5cc8c6873c4495793eda950c7c1) Importer(2089858483,b0f066a214c2f5e87bad3c948f4d605d) (ScriptedImporter) -> (artifact id: 'ae4b3b3ee88379afaa5a88c4ba6670a1') in 0.006042167 seconds
Number of updated asset objects reloaded before import = 0Number of asset objects unloaded after import = 3

========================================================================
Received Import Request.
  Time since last request: 0.000059 seconds.
  path: Assets/Images/stage/stage-106-s.png
  artifactKey: Guid(4c913bac01bdd74448270363b94540c3) Importer(2089858483,b0f066a214c2f5e87bad3c948f4d605d)
Start importing Assets/Images/stage/stage-106-s.png using Guid(4c913bac01bdd74448270363b94540c3) Importer(2089858483,b0f066a214c2f5e87bad3c948f4d605d) (ScriptedImporter) -> (artifact id: '24c9f7625c9b022a3f2f7b42d4f3fb5b') in 0.00317375 seconds
Number of updated asset objects reloaded before import = 0Number of asset objects unloaded after import = 3

========================================================================
Received Import Request.
  Time since last request: 0.000090 seconds.
  path: Assets/Resources/images/stage_101_pre.png
  artifactKey: Guid(3420d8a4dc87f794899f903746baf3e9) Importer(2089858483,b0f066a214c2f5e87bad3c948f4d605d)
Start importing Assets/Resources/images/stage_101_pre.png using Guid(3420d8a4dc87f794899f903746baf3e9) Importer(2089858483,b0f066a214c2f5e87bad3c948f4d605d) (ScriptedImporter) -> (artifact id: '8773cddd3214fb53aa7275e6ef8b4f14') in 0.003027166 seconds
Number of updated asset objects reloaded before import = 0Number of asset objects unloaded after import = 3

========================================================================
Received Import Request.
  Time since last request: 0.000035 seconds.
  path: Assets/Resources/images/stage_107_pre.png
  artifactKey: Guid(6a4d9217fa194ba4999d12f7433df326) Importer(2089858483,b0f066a214c2f5e87bad3c948f4d605d)
Start importing Assets/Resources/images/stage_107_pre.png using Guid(6a4d9217fa194ba4999d12f7433df326) Importer(2089858483,b0f066a214c2f5e87bad3c948f4d605d) (ScriptedImporter) -> (artifact id: '3325996747ae7d23de757edddf8062bc') in 0.004899125 seconds
Number of updated asset objects reloaded before import = 0Number of asset objects unloaded after import = 3

========================================================================
Received Import Request.
  Time since last request: 0.000063 seconds.
  path: Assets/Images/control/puzzle-panel-tiny-empty.png
  artifactKey: Guid(662e3159233da5a499021c878d6fe034) Importer(2089858483,b0f066a214c2f5e87bad3c948f4d605d)
Start importing Assets/Images/control/puzzle-panel-tiny-empty.png using Guid(662e3159233da5a499021c878d6fe034) Importer(2089858483,b0f066a214c2f5e87bad3c948f4d605d) (ScriptedImporter) -> (artifact id: '864d9168ab4700ec80999e813189bf8b') in 0.005921042 seconds
Number of updated asset objects reloaded before import = 0Number of asset objects unloaded after import = 3

========================================================================
Received Import Request.
  Time since last request: 0.280066 seconds.
  path: Assets/Resources/images/stage_109_poem.png
  artifactKey: Guid(64237d46a0a9db1469c1d47402eedb6a) Importer(2089858483,b0f066a214c2f5e87bad3c948f4d605d)
Start importing Assets/Resources/images/stage_109_poem.png using Guid(64237d46a0a9db1469c1d47402eedb6a) Importer(2089858483,b0f066a214c2f5e87bad3c948f4d605d) (ScriptedImporter) -> (artifact id: 'a8242d21a2b441357d6cc17e5ccbdf94') in 0.003637083 seconds
Number of updated asset objects reloaded before import = 0Number of asset objects unloaded after import = 3

========================================================================
Received Import Request.
  Time since last request: 0.000045 seconds.
  path: Assets/Resources/images/stage_309_full.png
  artifactKey: Guid(c05412ef32e7b4a4386c76784430b963) Importer(2089858483,b0f066a214c2f5e87bad3c948f4d605d)
Start importing Assets/Resources/images/stage_309_full.png using Guid(c05412ef32e7b4a4386c76784430b963) Importer(2089858483,b0f066a214c2f5e87bad3c948f4d605d) (ScriptedImporter) -> (artifact id: 'e21293ca8ad06903f2465d079e44f9d2') in 0.006654542 seconds
Number of updated asset objects reloaded before import = 0Number of asset objects unloaded after import = 3

========================================================================
Received Import Request.
  Time since last request: 0.000157 seconds.
  path: Assets/Resources/images/stage_307_win.png
  artifactKey: Guid(0819af342dc02104b94fd14f4cd26c6f) Importer(2089858483,b0f066a214c2f5e87bad3c948f4d605d)
Start importing Assets/Resources/images/stage_307_win.png using Guid(0819af342dc02104b94fd14f4cd26c6f) Importer(2089858483,b0f066a214c2f5e87bad3c948f4d605d) (ScriptedImporter) -> (artifact id: '43e570aaae94d890effa7219082f089d') in 0.006417542 seconds
Number of updated asset objects reloaded before import = 0Number of asset objects unloaded after import = 3

========================================================================
Received Import Request.
  Time since last request: 0.000042 seconds.
  path: Assets/Resources/images/stage_305_pre.png
  artifactKey: Guid(9d4f162ea2bc33b49ab9aa269743a22c) Importer(2089858483,b0f066a214c2f5e87bad3c948f4d605d)
Start importing Assets/Resources/images/stage_305_pre.png using Guid(9d4f162ea2bc33b49ab9aa269743a22c) Importer(2089858483,b0f066a214c2f5e87bad3c948f4d605d) (ScriptedImporter) -> (artifact id: 'a647aa5f00e9ad9d9cd6ca65fd1a029b') in 0.004370792 seconds
Number of updated asset objects reloaded before import = 0Number of asset objects unloaded after import = 3

========================================================================
Received Import Request.
  Time since last request: 0.000087 seconds.
  path: Assets/Resources/mp3/bg_106.mp3
  artifactKey: Guid(f851f7f9847c1aa4b9648e0d28bd7998) Importer(2089858483,b0f066a214c2f5e87bad3c948f4d605d)
Start importing Assets/Resources/mp3/bg_106.mp3 using Guid(f851f7f9847c1aa4b9648e0d28bd7998) Importer(2089858483,b0f066a214c2f5e87bad3c948f4d605d) (ScriptedImporter) -> (artifact id: '5bdf28444a97a50df64bd95b03446ebc') in 0.010422959 seconds
Number of updated asset objects reloaded before import = 0Number of asset objects unloaded after import = 1

========================================================================
Received Import Request.
  Time since last request: 0.000064 seconds.
  path: Assets/Resources/images/stage_201_poem.png
  artifactKey: Guid(71de28e77384d0a41b5a121f7b8c67a9) Importer(2089858483,b0f066a214c2f5e87bad3c948f4d605d)
Start importing Assets/Resources/images/stage_201_poem.png using Guid(71de28e77384d0a41b5a121f7b8c67a9) Importer(2089858483,b0f066a214c2f5e87bad3c948f4d605d) (ScriptedImporter) -> (artifact id: '469ff61a4af9be2c47a0749a83c6a123') in 0.003388875 seconds
Number of updated asset objects reloaded before import = 0Number of asset objects unloaded after import = 3

========================================================================
Received Import Request.
  Time since last request: 0.000060 seconds.
  path: Assets/Resources/mp3/bg_208.mp3
  artifactKey: Guid(23908366cc7a30a4493d9036c140f9cf) Importer(2089858483,b0f066a214c2f5e87bad3c948f4d605d)
Start importing Assets/Resources/mp3/bg_208.mp3 using Guid(23908366cc7a30a4493d9036c140f9cf) Importer(2089858483,b0f066a214c2f5e87bad3c948f4d605d) (ScriptedImporter) -> (artifact id: '713b02650eb3f1aced1316fc327a4825') in 0.005086833 seconds
Number of updated asset objects reloaded before import = 0Number of asset objects unloaded after import = 1

========================================================================
Received Import Request.
  Time since last request: 0.000052 seconds.
  path: Assets/Resources/images/stage_204_poem.png
  artifactKey: Guid(e5ed1dfd1089be148aff202fc3a82ca8) Importer(2089858483,b0f066a214c2f5e87bad3c948f4d605d)
Start importing Assets/Resources/images/stage_204_poem.png using Guid(e5ed1dfd1089be148aff202fc3a82ca8) Importer(2089858483,b0f066a214c2f5e87bad3c948f4d605d) (ScriptedImporter) -> (artifact id: '7782b397ca23dc0f58a0207ace61cc20') in 0.003101375 seconds
Number of updated asset objects reloaded before import = 0Number of asset objects unloaded after import = 3

========================================================================
Received Import Request.
  Time since last request: 0.000126 seconds.
  path: Assets/Resources/images/stage_202_poem.png
  artifactKey: Guid(674c15b6e2aafcd478169f05bf74ef45) Importer(2089858483,b0f066a214c2f5e87bad3c948f4d605d)
Start importing Assets/Resources/images/stage_202_poem.png using Guid(674c15b6e2aafcd478169f05bf74ef45) Importer(2089858483,b0f066a214c2f5e87bad3c948f4d605d) (ScriptedImporter) -> (artifact id: 'c4a2f18e2edcbab1b87b41972b31bc0f') in 0.0028645 seconds
Number of updated asset objects reloaded before import = 0Number of asset objects unloaded after import = 3

========================================================================
Received Import Request.
  Time since last request: 0.000101 seconds.
  path: Assets/Resources/images/stage_207_win.png
  artifactKey: Guid(31c54b52b97fc234f99a4bd1086a9141) Importer(2089858483,b0f066a214c2f5e87bad3c948f4d605d)
Start importing Assets/Resources/images/stage_207_win.png using Guid(31c54b52b97fc234f99a4bd1086a9141) Importer(2089858483,b0f066a214c2f5e87bad3c948f4d605d) (ScriptedImporter) -> (artifact id: '5414cb4adbc19a282d1c828927b5a8a5') in 0.007931209 seconds
Number of updated asset objects reloaded before import = 0Number of asset objects unloaded after import = 3

========================================================================
Received Import Request.
  Time since last request: 0.000071 seconds.
  path: Assets/Resources/images/stage_308_poem.png
  artifactKey: Guid(d5c1e3a674a3fbf4da7be06d50e2afef) Importer(2089858483,b0f066a214c2f5e87bad3c948f4d605d)
Start importing Assets/Resources/images/stage_308_poem.png using Guid(d5c1e3a674a3fbf4da7be06d50e2afef) Importer(2089858483,b0f066a214c2f5e87bad3c948f4d605d) (ScriptedImporter) -> (artifact id: 'f478d673afd3e50583afc5a2b81afc58') in 0.0045275 seconds
Number of updated asset objects reloaded before import = 0Number of asset objects unloaded after import = 3

========================================================================
Received Import Request.
  Time since last request: 0.000055 seconds.
  path: Assets/Resources/images/stage_205_win.png
  artifactKey: Guid(be27b3d6606733b45a99ad4a5a4998c8) Importer(2089858483,b0f066a214c2f5e87bad3c948f4d605d)
Start importing Assets/Resources/images/stage_205_win.png using Guid(be27b3d6606733b45a99ad4a5a4998c8) Importer(2089858483,b0f066a214c2f5e87bad3c948f4d605d) (ScriptedImporter) -> (artifact id: '63f46a0521e64b2ea2a51051887e1489') in 0.006677542 seconds
Number of updated asset objects reloaded before import = 0Number of asset objects unloaded after import = 3

========================================================================
Received Import Request.
  Time since last request: 0.000101 seconds.
  path: Assets/Resources/images/stage_208_pre.png
  artifactKey: Guid(586383a76b6a30647af275da26838fe1) Importer(2089858483,b0f066a214c2f5e87bad3c948f4d605d)
Start importing Assets/Resources/images/stage_208_pre.png using Guid(586383a76b6a30647af275da26838fe1) Importer(2089858483,b0f066a214c2f5e87bad3c948f4d605d) (ScriptedImporter) -> (artifact id: '47beb391c41b520384fa1c40e2ae3bb3') in 0.002801916 seconds
Number of updated asset objects reloaded before import = 0Number of asset objects unloaded after import = 3

========================================================================
Received Import Request.
  Time since last request: 0.000145 seconds.
  path: Assets/Resources/images/stage_205_full.png
  artifactKey: Guid(95d6d7ebb4645e946bed4f626cc4bc07) Importer(2089858483,b0f066a214c2f5e87bad3c948f4d605d)
Start importing Assets/Resources/images/stage_205_full.png using Guid(95d6d7ebb4645e946bed4f626cc4bc07) Importer(2089858483,b0f066a214c2f5e87bad3c948f4d605d) (ScriptedImporter) -> (artifact id: '1f40c473a8907955f359e7c14cd76a82') in 0.007050708 seconds
Number of updated asset objects reloaded before import = 0Number of asset objects unloaded after import = 3

========================================================================
Received Import Request.
  Time since last request: 0.000053 seconds.
  path: Assets/Resources/images/stage_208_poem.png
  artifactKey: Guid(dd46dcb286398174686f5c21377b02be) Importer(2089858483,b0f066a214c2f5e87bad3c948f4d605d)
Start importing Assets/Resources/images/stage_208_poem.png using Guid(dd46dcb286398174686f5c21377b02be) Importer(2089858483,b0f066a214c2f5e87bad3c948f4d605d) (ScriptedImporter) -> (artifact id: '175302d2c89893e356418122650b2a71') in 0.003097958 seconds
Number of updated asset objects reloaded before import = 0Number of asset objects unloaded after import = 3

========================================================================
Received Import Request.
  Time since last request: 0.000079 seconds.
  path: Assets/Resources/images/stage_307_pre.png
  artifactKey: Guid(cff17f5d83172cb479f2db85a74f689d) Importer(2089858483,b0f066a214c2f5e87bad3c948f4d605d)
Start importing Assets/Resources/images/stage_307_pre.png using Guid(cff17f5d83172cb479f2db85a74f689d) Importer(2089858483,b0f066a214c2f5e87bad3c948f4d605d) (ScriptedImporter) -> (artifact id: '11fe05badd418d9845aa004e317a0403') in 0.00526975 seconds
Number of updated asset objects reloaded before import = 0Number of asset objects unloaded after import = 3

========================================================================
Received Import Request.
  Time since last request: 0.000078 seconds.
  path: Assets/Resources/images/stage_309_win.png
  artifactKey: Guid(32753a19f86451d4c9c2657b975e8be7) Importer(2089858483,b0f066a214c2f5e87bad3c948f4d605d)
Start importing Assets/Resources/images/stage_309_win.png using Guid(32753a19f86451d4c9c2657b975e8be7) Importer(2089858483,b0f066a214c2f5e87bad3c948f4d605d) (ScriptedImporter) -> (artifact id: 'cfacdeb4ff84fbe13e35c1426c662ed9') in 0.009007959 seconds
Number of updated asset objects reloaded before import = 0Number of asset objects unloaded after import = 3

========================================================================
Received Import Request.
  Time since last request: 0.000055 seconds.
  path: Assets/Resources/images/stage_303_pre.png
  artifactKey: Guid(1e6805f4701d8874a9dc7b54b1ddefa1) Importer(2089858483,b0f066a214c2f5e87bad3c948f4d605d)
Start importing Assets/Resources/images/stage_303_pre.png using Guid(1e6805f4701d8874a9dc7b54b1ddefa1) Importer(2089858483,b0f066a214c2f5e87bad3c948f4d605d) (ScriptedImporter) -> (artifact id: '421db71812a39cd70cc26d9530035dd3') in 0.00295575 seconds
Number of updated asset objects reloaded before import = 0Number of asset objects unloaded after import = 3

========================================================================
Received Import Request.
  Time since last request: 0.000096 seconds.
  path: Assets/Resources/images/stage_209_win.png
  artifactKey: Guid(e188c8659b1998847865c9c38b657e7e) Importer(2089858483,b0f066a214c2f5e87bad3c948f4d605d)
Start importing Assets/Resources/images/stage_209_win.png using Guid(e188c8659b1998847865c9c38b657e7e) Importer(2089858483,b0f066a214c2f5e87bad3c948f4d605d) (ScriptedImporter) -> (artifact id: 'd52be49cc0b91ac6adf9ed3959f78c8a') in 0.005998541 seconds
Number of updated asset objects reloaded before import = 0Number of asset objects unloaded after import = 3

========================================================================
Received Import Request.
  Time since last request: 0.000096 seconds.
  path: Assets/Resources/images/stage_207_poem.png
  artifactKey: Guid(31050314b65d8b7499b9651baa62c704) Importer(2089858483,b0f066a214c2f5e87bad3c948f4d605d)
Start importing Assets/Resources/images/stage_207_poem.png using Guid(31050314b65d8b7499b9651baa62c704) Importer(2089858483,b0f066a214c2f5e87bad3c948f4d605d) (ScriptedImporter) -> (artifact id: '10cbc13239c49699d153714844423b83') in 0.003478458 seconds
Number of updated asset objects reloaded before import = 0Number of asset objects unloaded after import = 3

========================================================================
Received Import Request.
  Time since last request: 0.000083 seconds.
  path: Assets/Resources/images/stage_204_full.png
  artifactKey: Guid(0fbaca3811c47084baafaf31046228ef) Importer(2089858483,b0f066a214c2f5e87bad3c948f4d605d)
Start importing Assets/Resources/images/stage_204_full.png using Guid(0fbaca3811c47084baafaf31046228ef) Importer(2089858483,b0f066a214c2f5e87bad3c948f4d605d) (ScriptedImporter) -> (artifact id: '13b180f7d4375e9aa78df927fc2c14bd') in 0.005910333 seconds
Number of updated asset objects reloaded before import = 0Number of asset objects unloaded after import = 3

========================================================================
Received Import Request.
  Time since last request: 0.000118 seconds.
  path: Assets/Resources/images/stage_302_win.png
  artifactKey: Guid(e49c5e710d3fac3489f598db8445d7bf) Importer(2089858483,b0f066a214c2f5e87bad3c948f4d605d)
Start importing Assets/Resources/images/stage_302_win.png using Guid(e49c5e710d3fac3489f598db8445d7bf) Importer(2089858483,b0f066a214c2f5e87bad3c948f4d605d) (ScriptedImporter) -> (artifact id: 'c04ee7446d6020b1bc3801d4958fae20') in 0.005881042 seconds
Number of updated asset objects reloaded before import = 0Number of asset objects unloaded after import = 3

========================================================================
Received Import Request.
  Time since last request: 0.000045 seconds.
  path: Assets/Resources/mp3/bg_206.mp3
  artifactKey: Guid(902585c53e2843b4f96520adf15e508f) Importer(2089858483,b0f066a214c2f5e87bad3c948f4d605d)
Start importing Assets/Resources/mp3/bg_206.mp3 using Guid(902585c53e2843b4f96520adf15e508f) Importer(2089858483,b0f066a214c2f5e87bad3c948f4d605d) (ScriptedImporter) -> (artifact id: '11079700c2c4dfe486add5e60553a99a') in 0.008958417 seconds
Number of updated asset objects reloaded before import = 0Number of asset objects unloaded after import = 1

========================================================================
Received Import Request.
  Time since last request: 0.000064 seconds.
  path: Assets/Resources/images/success.png
  artifactKey: Guid(d9e4e39f47fde164b919e46190efaf62) Importer(2089858483,b0f066a214c2f5e87bad3c948f4d605d)
Start importing Assets/Resources/images/success.png using Guid(d9e4e39f47fde164b919e46190efaf62) Importer(2089858483,b0f066a214c2f5e87bad3c948f4d605d) (ScriptedImporter) -> (artifact id: '2184d7a1b135711245a8a86430de4c68') in 0.005348125 seconds
Number of updated asset objects reloaded before import = 0Number of asset objects unloaded after import = 3

========================================================================
Received Import Request.
  Time since last request: 0.000048 seconds.
  path: Assets/Resources/images/stage_203_win.png
  artifactKey: Guid(664227563759a174a89681da4298be50) Importer(2089858483,b0f066a214c2f5e87bad3c948f4d605d)
Start importing Assets/Resources/images/stage_203_win.png using Guid(664227563759a174a89681da4298be50) Importer(2089858483,b0f066a214c2f5e87bad3c948f4d605d) (ScriptedImporter) -> (artifact id: 'cf224dfd4f79332529c0182c7f995c3e') in 0.005959708 seconds
Number of updated asset objects reloaded before import = 0Number of asset objects unloaded after import = 3

========================================================================
Received Import Request.
  Time since last request: 0.000142 seconds.
  path: Assets/Resources/images/stage_204_win.png
  artifactKey: Guid(1b5638d45780b6441840911cab2af89c) Importer(2089858483,b0f066a214c2f5e87bad3c948f4d605d)
Start importing Assets/Resources/images/stage_204_win.png using Guid(1b5638d45780b6441840911cab2af89c) Importer(2089858483,b0f066a214c2f5e87bad3c948f4d605d) (ScriptedImporter) -> (artifact id: '326ff83f7caab9e621a0aa6ed3f19e0e') in 0.007434708 seconds
Number of updated asset objects reloaded before import = 0Number of asset objects unloaded after import = 3

========================================================================
Received Import Request.
  Time since last request: 0.000103 seconds.
  path: Assets/Resources/images/stage_305_full.png
  artifactKey: Guid(10c1a846a73bfa54f923e6f0c96e0404) Importer(2089858483,b0f066a214c2f5e87bad3c948f4d605d)
Start importing Assets/Resources/images/stage_305_full.png using Guid(10c1a846a73bfa54f923e6f0c96e0404) Importer(2089858483,b0f066a214c2f5e87bad3c948f4d605d) (ScriptedImporter) -> (artifact id: '998cbc4a26619b3415937fb38c872d09') in 0.00596825 seconds
Number of updated asset objects reloaded before import = 0Number of asset objects unloaded after import = 3

========================================================================
Received Import Request.
  Time since last request: 0.345862 seconds.
  path: Assets/Resources/mp3/bg_304.mp3
  artifactKey: Guid(4400b5ef1783046479ab2a7fc7a430a1) Importer(2089858483,b0f066a214c2f5e87bad3c948f4d605d)
Start importing Assets/Resources/mp3/bg_304.mp3 using Guid(4400b5ef1783046479ab2a7fc7a430a1) Importer(2089858483,b0f066a214c2f5e87bad3c948f4d605d) (ScriptedImporter) -> (artifact id: '6c93fe716007e937646999821f319e26') in 0.009603959 seconds
Number of updated asset objects reloaded before import = 0Number of asset objects unloaded after import = 1

========================================================================
Received Import Request.
  Time since last request: 0.000047 seconds.
  path: Assets/Resources/stages/stage_201.json
  artifactKey: Guid(0be9556905472c743b3103443ba36083) Importer(2089858483,b0f066a214c2f5e87bad3c948f4d605d)
Start importing Assets/Resources/stages/stage_201.json using Guid(0be9556905472c743b3103443ba36083) Importer(2089858483,b0f066a214c2f5e87bad3c948f4d605d) (ScriptedImporter) -> (artifact id: '28f1cfa46582f7047bf07e1c7f4ce2fc') in 0.0011055 seconds
Number of updated asset objects reloaded before import = 0Number of asset objects unloaded after import = 1

========================================================================
Received Import Request.
  Time since last request: 0.000056 seconds.
  path: Assets/TextMesh Pro/Fonts/LiberationSans.ttf
  artifactKey: Guid(e3265ab4bf004d28a9537516768c1c75) Importer(2089858483,b0f066a214c2f5e87bad3c948f4d605d)
Start importing Assets/TextMesh Pro/Fonts/LiberationSans.ttf using Guid(e3265ab4bf004d28a9537516768c1c75) Importer(2089858483,b0f066a214c2f5e87bad3c948f4d605d) (ScriptedImporter) -> (artifact id: 'ee6824af09e5099291d0c2afa8b6293d') in 0.004267542 seconds
Number of updated asset objects reloaded before import = 0Number of asset objects unloaded after import = 3

========================================================================
Received Import Request.
  Time since last request: 0.000026 seconds.
  path: Assets/Resources/stages/stage_108.def
  artifactKey: Guid(37d9af07bb1abbd40bf9cccf6a16b7a5) Importer(2089858483,b0f066a214c2f5e87bad3c948f4d605d)
Start importing Assets/Resources/stages/stage_108.def using Guid(37d9af07bb1abbd40bf9cccf6a16b7a5) Importer(2089858483,b0f066a214c2f5e87bad3c948f4d605d) (ScriptedImporter) -> (artifact id: '504664116b797077cbc47d53541f6c45') in 0.000769625 seconds
Number of updated asset objects reloaded before import = 0Number of asset objects unloaded after import = 1

========================================================================
Received Import Request.
  Time since last request: 0.000041 seconds.
  path: Assets/Resources/stages/stage_108.json
  artifactKey: Guid(7281d81dc95f2aa419e70931339b5b30) Importer(2089858483,b0f066a214c2f5e87bad3c948f4d605d)
Start importing Assets/Resources/stages/stage_108.json using Guid(7281d81dc95f2aa419e70931339b5b30) Importer(2089858483,b0f066a214c2f5e87bad3c948f4d605d) (ScriptedImporter) -> (artifact id: 'a626d80be05cfb855950dfcd903d3065') in 0.000926917 seconds
Number of updated asset objects reloaded before import = 0Number of asset objects unloaded after import = 1

========================================================================
Received Import Request.
  Time since last request: 0.000072 seconds.
  path: Assets/Scripts/UI/Activities/DelayActivity.cs
  artifactKey: Guid(7c9eee6de829796419ba2041bad93c17) Importer(2089858483,b0f066a214c2f5e87bad3c948f4d605d)
Start importing Assets/Scripts/UI/Activities/DelayActivity.cs using Guid(7c9eee6de829796419ba2041bad93c17) Importer(2089858483,b0f066a214c2f5e87bad3c948f4d605d) (ScriptedImporter) -> (artifact id: '59de67047394f627d48f895e1fdfde42') in 0.001086917 seconds
Number of updated asset objects reloaded before import = 0Number of asset objects unloaded after import = 0

========================================================================
Received Import Request.
  Time since last request: 0.000029 seconds.
  path: Assets/Resources/characters/fzlb/fzlb_03.png
  artifactKey: Guid(7e0bfc7536870ba4b85fb79146e1395c) Importer(2089858483,b0f066a214c2f5e87bad3c948f4d605d)
Start importing Assets/Resources/characters/fzlb/fzlb_03.png using Guid(7e0bfc7536870ba4b85fb79146e1395c) Importer(2089858483,b0f066a214c2f5e87bad3c948f4d605d) (ScriptedImporter) -> (artifact id: '424d82e8e9f849b02c54b2028bb57902') in 0.059781042 seconds
Number of updated asset objects reloaded before import = 0Number of asset objects unloaded after import = 202

========================================================================
Received Import Request.
  Time since last request: 0.000036 seconds.
  path: Assets/Scripts/UI/Scenes/PrologueScene.cs
  artifactKey: Guid(5341d03762ec41446944a5c1ff7a7e74) Importer(2089858483,b0f066a214c2f5e87bad3c948f4d605d)
Start importing Assets/Scripts/UI/Scenes/PrologueScene.cs using Guid(5341d03762ec41446944a5c1ff7a7e74) Importer(2089858483,b0f066a214c2f5e87bad3c948f4d605d) (ScriptedImporter) -> (artifact id: '2689423949f209f90a2477034e902d00') in 0.00095275 seconds
Number of updated asset objects reloaded before import = 0Number of asset objects unloaded after import = 0

========================================================================
Received Import Request.
  Time since last request: 0.000058 seconds.
  path: Assets/TextMesh Pro/Shaders/TMP_SDF-Mobile-2-Pass.shader
  artifactKey: Guid(0178fcb869bafef4690d177d31d17db8) Importer(2089858483,b0f066a214c2f5e87bad3c948f4d605d)
Start importing Assets/TextMesh Pro/Shaders/TMP_SDF-Mobile-2-Pass.shader using Guid(0178fcb869bafef4690d177d31d17db8) Importer(2089858483,b0f066a214c2f5e87bad3c948f4d605d) (ScriptedImporter) -> (artifact id: '674f98dba67895a23c56c9cf840b3957') in 0.003798667 seconds
Number of updated asset objects reloaded before import = 0Number of asset objects unloaded after import = 1

========================================================================
Received Import Request.
  Time since last request: 0.000033 seconds.
  path: Assets/Scripts/UI/Effects/Revealing.cs
  artifactKey: Guid(0e0b8a15875eba345a13d9107b144fc4) Importer(2089858483,b0f066a214c2f5e87bad3c948f4d605d)
Start importing Assets/Scripts/UI/Effects/Revealing.cs using Guid(0e0b8a15875eba345a13d9107b144fc4) Importer(2089858483,b0f066a214c2f5e87bad3c948f4d605d) (ScriptedImporter) -> (artifact id: 'a76dc2ad41bf6e94415c22bbd43040a6') in 0.000951334 seconds
Number of updated asset objects reloaded before import = 0Number of asset objects unloaded after import = 0

========================================================================
Received Import Request.
  Time since last request: 0.000050 seconds.
  path: Assets/Scripts/UI/Activities/ScalePulseActivity.cs
  artifactKey: Guid(044976f0bac347a986210f906c0aed05) Importer(2089858483,b0f066a214c2f5e87bad3c948f4d605d)
Start importing Assets/Scripts/UI/Activities/ScalePulseActivity.cs using Guid(044976f0bac347a986210f906c0aed05) Importer(2089858483,b0f066a214c2f5e87bad3c948f4d605d) (ScriptedImporter) -> (artifact id: '20a9afb35f792880d4a239362c0e2e2c') in 0.000813167 seconds
Number of updated asset objects reloaded before import = 0Number of asset objects unloaded after import = 0

========================================================================
Received Import Request.
  Time since last request: 0.000033 seconds.
  path: Assets/Resources/stages/stage_206.def
  artifactKey: Guid(227de922f31ec6147abcc4dfb66ad53d) Importer(2089858483,b0f066a214c2f5e87bad3c948f4d605d)
Start importing Assets/Resources/stages/stage_206.def using Guid(227de922f31ec6147abcc4dfb66ad53d) Importer(2089858483,b0f066a214c2f5e87bad3c948f4d605d) (ScriptedImporter) -> (artifact id: '9d1d6c22657f385e488626f9770f565a') in 0.000664792 seconds
Number of updated asset objects reloaded before import = 0Number of asset objects unloaded after import = 1

========================================================================
Received Import Request.
  Time since last request: 0.000041 seconds.
  path: Assets/TextMesh Pro/Shaders/TMP_Sprite.shader
  artifactKey: Guid(cf81c85f95fe47e1a27f6ae460cf182c) Importer(2089858483,b0f066a214c2f5e87bad3c948f4d605d)
Start importing Assets/TextMesh Pro/Shaders/TMP_Sprite.shader using Guid(cf81c85f95fe47e1a27f6ae460cf182c) Importer(2089858483,b0f066a214c2f5e87bad3c948f4d605d) (ScriptedImporter) -> (artifact id: 'a23ee1ad379374a95894f86ffc2fd93f') in 0.000971458 seconds
Number of updated asset objects reloaded before import = 0Number of asset objects unloaded after import = 1

========================================================================
Received Import Request.
  Time since last request: 0.000136 seconds.
  path: Assets/Resources/stages/stage_304.def
  artifactKey: Guid(1a25dffdf51f9b54393c122579ade0d6) Importer(2089858483,b0f066a214c2f5e87bad3c948f4d605d)
Start importing Assets/Resources/stages/stage_304.def using Guid(1a25dffdf51f9b54393c122579ade0d6) Importer(2089858483,b0f066a214c2f5e87bad3c948f4d605d) (ScriptedImporter) -> (artifact id: '549972805df72462d23a61f4f0dc2177') in 0.000599209 seconds
Number of updated asset objects reloaded before import = 0Number of asset objects unloaded after import = 1

========================================================================
Received Import Request.
  Time since last request: 0.000040 seconds.
  path: Assets/Resources/stages/stage_205.def
  artifactKey: Guid(3d8d1a6c871bab5448d02c642936e57e) Importer(2089858483,b0f066a214c2f5e87bad3c948f4d605d)
Start importing Assets/Resources/stages/stage_205.def using Guid(3d8d1a6c871bab5448d02c642936e57e) Importer(2089858483,b0f066a214c2f5e87bad3c948f4d605d) (ScriptedImporter) -> (artifact id: '9bcf66eb5a3db52d8c4062cbe4ee055a') in 0.00095475 seconds
Number of updated asset objects reloaded before import = 0Number of asset objects unloaded after import = 1

========================================================================
Received Import Request.
  Time since last request: 0.000020 seconds.
  path: Assets/TextMesh Pro/Shaders/TMP_SDF-Surface-Mobile.shader
  artifactKey: Guid(85187c2149c549c5b33f0cdb02836b17) Importer(2089858483,b0f066a214c2f5e87bad3c948f4d605d)
Start importing Assets/TextMesh Pro/Shaders/TMP_SDF-Surface-Mobile.shader using Guid(85187c2149c549c5b33f0cdb02836b17) Importer(2089858483,b0f066a214c2f5e87bad3c948f4d605d) (ScriptedImporter) -> (artifact id: '5ca463e72d8e324b61cabbedcac7a3df') in 0.001138666 seconds
Number of updated asset objects reloaded before import = 0Number of asset objects unloaded after import = 1

========================================================================
Received Import Request.
  Time since last request: 0.000087 seconds.
  path: Assets/TextMesh Pro/Shaders/TMP_Bitmap-Mobile.shader
  artifactKey: Guid(1e3b057af24249748ff873be7fafee47) Importer(2089858483,b0f066a214c2f5e87bad3c948f4d605d)
Start importing Assets/TextMesh Pro/Shaders/TMP_Bitmap-Mobile.shader using Guid(1e3b057af24249748ff873be7fafee47) Importer(2089858483,b0f066a214c2f5e87bad3c948f4d605d) (ScriptedImporter) -> (artifact id: '849bc249f81e3c4543ef5c91df392561') in 0.001103875 seconds
Number of updated asset objects reloaded before import = 0Number of asset objects unloaded after import = 1

========================================================================
Received Import Request.
  Time since last request: 0.000078 seconds.
  path: Assets/Scripts/Common/Utils.cs
  artifactKey: Guid(8a35c0ea9fffa7e48bad53cc726a58df) Importer(2089858483,b0f066a214c2f5e87bad3c948f4d605d)
Start importing Assets/Scripts/Common/Utils.cs using Guid(8a35c0ea9fffa7e48bad53cc726a58df) Importer(2089858483,b0f066a214c2f5e87bad3c948f4d605d) (ScriptedImporter) -> (artifact id: '7e86df9c58811bb3c2b14c80c21d75c6') in 0.00097075 seconds
Number of updated asset objects reloaded before import = 0Number of asset objects unloaded after import = 0

========================================================================
Received Import Request.
  Time since last request: 0.000070 seconds.
  path: Assets/Resources/characters/fzlb/fzlb_04.tpsheet
  artifactKey: Guid(a42e4f06c93c21f43975e290c61ad02b) Importer(2089858483,b0f066a214c2f5e87bad3c948f4d605d)
Start importing Assets/Resources/characters/fzlb/fzlb_04.tpsheet using Guid(a42e4f06c93c21f43975e290c61ad02b) Importer(2089858483,b0f066a214c2f5e87bad3c948f4d605d) (ScriptedImporter) -> (artifact id: '54030716b0c7b937a76088712866622f') in 0.000664875 seconds
Number of updated asset objects reloaded before import = 0Number of asset objects unloaded after import = 1

========================================================================
Received Import Request.
  Time since last request: 0.000057 seconds.
  path: Assets/Resources/stages/stage_105.def
  artifactKey: Guid(36aaf8408e2cd9447a1fdbdbf9341858) Importer(2089858483,b0f066a214c2f5e87bad3c948f4d605d)
Start importing Assets/Resources/stages/stage_105.def using Guid(36aaf8408e2cd9447a1fdbdbf9341858) Importer(2089858483,b0f066a214c2f5e87bad3c948f4d605d) (ScriptedImporter) -> (artifact id: '7781a00085f0e29afebe10271e08d504') in 0.000777958 seconds
Number of updated asset objects reloaded before import = 0Number of asset objects unloaded after import = 1

========================================================================
Received Import Request.
  Time since last request: 0.000074 seconds.
  path: Assets/Scripts/Common/GlobalStorage.cs
  artifactKey: Guid(78d5b2e9e0c1ae549830426c19c0a7e9) Importer(2089858483,b0f066a214c2f5e87bad3c948f4d605d)
Start importing Assets/Scripts/Common/GlobalStorage.cs using Guid(78d5b2e9e0c1ae549830426c19c0a7e9) Importer(2089858483,b0f066a214c2f5e87bad3c948f4d605d) (ScriptedImporter) -> (artifact id: '69e22b33697c014130688f8becabbd19') in 0.000924875 seconds
Number of updated asset objects reloaded before import = 0Number of asset objects unloaded after import = 0

========================================================================
Received Import Request.
  Time since last request: 0.000037 seconds.
  path: Assets/Resources/stages/stage_201.def
  artifactKey: Guid(e3254ebcd86e7054da1599557c232caf) Importer(2089858483,b0f066a214c2f5e87bad3c948f4d605d)
Start importing Assets/Resources/stages/stage_201.def using Guid(e3254ebcd86e7054da1599557c232caf) Importer(2089858483,b0f066a214c2f5e87bad3c948f4d605d) (ScriptedImporter) -> (artifact id: '34aa9dce2880f88ec5df486c6bc557da') in 0.000838583 seconds
Number of updated asset objects reloaded before import = 0Number of asset objects unloaded after import = 1

========================================================================
Received Import Request.
  Time since last request: 0.000066 seconds.
  path: Assets/TextMesh Pro/Shaders/TMP_SDF Overlay.shader
  artifactKey: Guid(dd89cf5b9246416f84610a006f916af7) Importer(2089858483,b0f066a214c2f5e87bad3c948f4d605d)
Start importing Assets/TextMesh Pro/Shaders/TMP_SDF Overlay.shader using Guid(dd89cf5b9246416f84610a006f916af7) Importer(2089858483,b0f066a214c2f5e87bad3c948f4d605d) (ScriptedImporter) -> (artifact id: '04acdef6ea2c1e00867bdb8bb7aa5ce5') in 0.00127975 seconds
Number of updated asset objects reloaded before import = 0Number of asset objects unloaded after import = 1

========================================================================
Received Import Request.
  Time since last request: 0.000110 seconds.
  path: Assets/Scripts/UI/Effects/MoveTo.cs
  artifactKey: Guid(2186e336ef7c8154589544db1d9581d2) Importer(2089858483,b0f066a214c2f5e87bad3c948f4d605d)
Start importing Assets/Scripts/UI/Effects/MoveTo.cs using Guid(2186e336ef7c8154589544db1d9581d2) Importer(2089858483,b0f066a214c2f5e87bad3c948f4d605d) (ScriptedImporter) -> (artifact id: 'b7001a63022bdc0b05e82c6c2c31a8d0') in 0.000731916 seconds
Number of updated asset objects reloaded before import = 0Number of asset objects unloaded after import = 0

========================================================================
Received Import Request.
  Time since last request: 0.000034 seconds.
  path: Assets/TextMesh Pro/Resources/TMP Settings.asset
  artifactKey: Guid(3f5b5dff67a942289a9defa416b206f3) Importer(2089858483,b0f066a214c2f5e87bad3c948f4d605d)
Start importing Assets/TextMesh Pro/Resources/TMP Settings.asset using Guid(3f5b5dff67a942289a9defa416b206f3) Importer(2089858483,b0f066a214c2f5e87bad3c948f4d605d) (ScriptedImporter) -> (artifact id: '53f0b8266469f34f18d4b93d1d6121e2') in 0.011191416 seconds
Number of updated asset objects reloaded before import = 0Number of asset objects unloaded after import = 15

========================================================================
Received Import Request.
  Time since last request: 0.392430 seconds.
  path: Assets/TextMesh Pro/Resources/Fonts & Materials/LiberationSans SDF.asset
  artifactKey: Guid(8f586378b4e144a9851e7b34d9b748ee) Importer(2089858483,b0f066a214c2f5e87bad3c948f4d605d)
Start importing Assets/TextMesh Pro/Resources/Fonts & Materials/LiberationSans SDF.asset using Guid(8f586378b4e144a9851e7b34d9b748ee) Importer(2089858483,b0f066a214c2f5e87bad3c948f4d605d) (ScriptedImporter) -> (artifact id: '45b766d3d099c0ccfd973c3044121949') in 0.016398958 seconds
Number of updated asset objects reloaded before import = 0Number of asset objects unloaded after import = 8

========================================================================
Received Prepare
Begin MonoManager ReloadAssembly
Thread 0x16d893000 may have been prematurely finalized
- Loaded All Assemblies, in  0.286 seconds
Refreshing native plugins compatible for Editor in 0.27 ms, found 2 plugins.
Native extension for LinuxStandalone target not found
Native extension for iOS target not found
Native extension for OSXStandalone target not found
[Package Manager] Failed to launch server process. Reason: Unity was launched with the -noUpm command-line argument
[Package Manager] Unable to send message (not connected to server process).
[Package Manager] Cannot connect to Unity Package Manager local server
ScheduleIndexationOnStartup MainProcess:False IndexOnStartup:True
Mono: successfully reloaded assembly
- Finished resetting the current domain, in  0.318 seconds
Domain Reload Profiling: 604ms
	BeginReloadAssembly (76ms)
		ExecutionOrderSort (0ms)
		DisableScriptedObjects (5ms)
		BackupInstance (0ms)
		ReleaseScriptingObjects (0ms)
		CreateAndSetChildDomain (19ms)
	RebuildCommonClasses (18ms)
	RebuildNativeTypeToScriptingClass (7ms)
	initialDomainReloadingComplete (9ms)
	LoadAllAssembliesAndSetupDomain (176ms)
		LoadAssemblies (149ms)
		RebuildTransferFunctionScriptingTraits (0ms)
		AnalyzeDomain (52ms)
			TypeCache.Refresh (3ms)
				TypeCache.ScanAssembly (0ms)
			BuildScriptInfoCaches (47ms)
			ResolveRequiredComponents (1ms)
	FinalizeReload (318ms)
		ReleaseScriptCaches (0ms)
		RebuildScriptCaches (0ms)
		SetupLoadedEditorAssemblies (265ms)
			LogAssemblyErrors (0ms)
			InitializePlatformSupportModulesInManaged (9ms)
			SetLoadedEditorAssemblies (2ms)
			BeforeProcessingInitializeOnLoad (82ms)
			ProcessInitializeOnLoadAttributes (148ms)
			ProcessInitializeOnLoadMethodAttributes (25ms)
			AfterProcessingInitializeOnLoad (0ms)
			EditorAssembliesLoaded (0ms)
		ExecutionOrderSort2 (0ms)
		AwakeInstancesAfterBackupRestoration (2ms)
Refreshing native plugins compatible for Editor in 0.31 ms, found 2 plugins.
Preloading 0 native plugins for Editor in 0.00 ms.
Unloading 0 Unused Serialized files (Serialized files now loaded: 0)
Unloading 2959 unused Assets / (493.1 KB). Loaded Objects now: 3571.
Memory consumption went from 111.0 MB to 110.5 MB.
Total: 4.607792 ms (FindLiveObjects: 0.153625 ms CreateObjectMapping: 0.056250 ms MarkObjects: 4.012667 ms  DeleteObjects: 0.385000 ms)

Prepare: number of updated asset objects reloaded= 0
========================================================================
Received Prepare
Begin MonoManager ReloadAssembly
[Licensing::Client] Successfully resolved entitlement details
Thread 0x16ba87000 may have been prematurely finalized
- Loaded All Assemblies, in  0.245 seconds
Refreshing native plugins compatible for Editor in 0.27 ms, found 2 plugins.
Native extension for LinuxStandalone target not found
Native extension for iOS target not found
Native extension for OSXStandalone target not found
[Package Manager] Failed to launch server process. Reason: Unity was launched with the -noUpm command-line argument
[Package Manager] Unable to send message (not connected to server process).
[Package Manager] Cannot connect to Unity Package Manager local server
ScheduleIndexationOnStartup MainProcess:False IndexOnStartup:True
Mono: successfully reloaded assembly
- Finished resetting the current domain, in  0.292 seconds
Domain Reload Profiling: 538ms
	BeginReloadAssembly (72ms)
		ExecutionOrderSort (0ms)
		DisableScriptedObjects (5ms)
		BackupInstance (0ms)
		ReleaseScriptingObjects (0ms)
		CreateAndSetChildDomain (18ms)
	RebuildCommonClasses (19ms)
	RebuildNativeTypeToScriptingClass (7ms)
	initialDomainReloadingComplete (9ms)
	LoadAllAssembliesAndSetupDomain (139ms)
		LoadAssemblies (108ms)
		RebuildTransferFunctionScriptingTraits (0ms)
		AnalyzeDomain (54ms)
			TypeCache.Refresh (4ms)
				TypeCache.ScanAssembly (0ms)
			BuildScriptInfoCaches (48ms)
			ResolveRequiredComponents (1ms)
	FinalizeReload (292ms)
		ReleaseScriptCaches (0ms)
		RebuildScriptCaches (0ms)
		SetupLoadedEditorAssemblies (240ms)
			LogAssemblyErrors (0ms)
			InitializePlatformSupportModulesInManaged (9ms)
			SetLoadedEditorAssemblies (2ms)
			BeforeProcessingInitializeOnLoad (69ms)
			ProcessInitializeOnLoadAttributes (137ms)
			ProcessInitializeOnLoadMethodAttributes (23ms)
			AfterProcessingInitializeOnLoad (1ms)
			EditorAssembliesLoaded (0ms)
		ExecutionOrderSort2 (0ms)
		AwakeInstancesAfterBackupRestoration (2ms)
Refreshing native plugins compatible for Editor in 0.34 ms, found 2 plugins.
Preloading 0 native plugins for Editor in 0.00 ms.
Unloading 0 Unused Serialized files (Serialized files now loaded: 0)
Unloading 2959 unused Assets / (0.5 MB). Loaded Objects now: 3574.
Memory consumption went from 114.7 MB to 114.2 MB.
Total: 3.596166 ms (FindLiveObjects: 0.142958 ms CreateObjectMapping: 0.049583 ms MarkObjects: 3.104417 ms  DeleteObjects: 0.299083 ms)

Prepare: number of updated asset objects reloaded= 0
========================================================================
Received Prepare
Begin MonoManager ReloadAssembly
Thread 0x16bf77000 may have been prematurely finalized
- Loaded All Assemblies, in  0.240 seconds
Refreshing native plugins compatible for Editor in 0.19 ms, found 2 plugins.
Native extension for LinuxStandalone target not found
Native extension for iOS target not found
Native extension for OSXStandalone target not found
[Package Manager] Failed to launch server process. Reason: Unity was launched with the -noUpm command-line argument
[Package Manager] Unable to send message (not connected to server process).
[Package Manager] Cannot connect to Unity Package Manager local server
ScheduleIndexationOnStartup MainProcess:False IndexOnStartup:True
Mono: successfully reloaded assembly
- Finished resetting the current domain, in  0.287 seconds
Domain Reload Profiling: 527ms
	BeginReloadAssembly (69ms)
		ExecutionOrderSort (0ms)
		DisableScriptedObjects (5ms)
		BackupInstance (0ms)
		ReleaseScriptingObjects (0ms)
		CreateAndSetChildDomain (17ms)
	RebuildCommonClasses (19ms)
	RebuildNativeTypeToScriptingClass (7ms)
	initialDomainReloadingComplete (9ms)
	LoadAllAssembliesAndSetupDomain (136ms)
		LoadAssemblies (100ms)
		RebuildTransferFunctionScriptingTraits (0ms)
		AnalyzeDomain (57ms)
			TypeCache.Refresh (3ms)
				TypeCache.ScanAssembly (0ms)
			BuildScriptInfoCaches (51ms)
			ResolveRequiredComponents (1ms)
	FinalizeReload (287ms)
		ReleaseScriptCaches (0ms)
		RebuildScriptCaches (0ms)
		SetupLoadedEditorAssemblies (234ms)
			LogAssemblyErrors (0ms)
			InitializePlatformSupportModulesInManaged (8ms)
			SetLoadedEditorAssemblies (1ms)
			BeforeProcessingInitializeOnLoad (70ms)
			ProcessInitializeOnLoadAttributes (131ms)
			ProcessInitializeOnLoadMethodAttributes (24ms)
			AfterProcessingInitializeOnLoad (1ms)
			EditorAssembliesLoaded (0ms)
		ExecutionOrderSort2 (0ms)
		AwakeInstancesAfterBackupRestoration (2ms)
Refreshing native plugins compatible for Editor in 0.34 ms, found 2 plugins.
Preloading 0 native plugins for Editor in 0.00 ms.
Unloading 0 Unused Serialized files (Serialized files now loaded: 0)
Unloading 2959 unused Assets / (0.5 MB). Loaded Objects now: 3577.
Memory consumption went from 118.3 MB to 117.8 MB.
Total: 3.784750 ms (FindLiveObjects: 0.154209 ms CreateObjectMapping: 0.049000 ms MarkObjects: 3.253875 ms  DeleteObjects: 0.327333 ms)

Prepare: number of updated asset objects reloaded= 0
========================================================================
Received Prepare
Begin MonoManager ReloadAssembly
[Licensing::Client] Successfully resolved entitlement details
Thread 0x16d893000 may have been prematurely finalized
- Loaded All Assemblies, in  0.244 seconds
Refreshing native plugins compatible for Editor in 0.21 ms, found 2 plugins.
Native extension for LinuxStandalone target not found
Native extension for iOS target not found
Native extension for OSXStandalone target not found
[Package Manager] Failed to launch server process. Reason: Unity was launched with the -noUpm command-line argument
[Package Manager] Unable to send message (not connected to server process).
[Package Manager] Cannot connect to Unity Package Manager local server
ScheduleIndexationOnStartup MainProcess:False IndexOnStartup:True
Mono: successfully reloaded assembly
- Finished resetting the current domain, in  0.284 seconds
Domain Reload Profiling: 529ms
	BeginReloadAssembly (72ms)
		ExecutionOrderSort (0ms)
		DisableScriptedObjects (6ms)
		BackupInstance (0ms)
		ReleaseScriptingObjects (0ms)
		CreateAndSetChildDomain (18ms)
	RebuildCommonClasses (19ms)
	RebuildNativeTypeToScriptingClass (7ms)
	initialDomainReloadingComplete (10ms)
	LoadAllAssembliesAndSetupDomain (137ms)
		LoadAssemblies (103ms)
		RebuildTransferFunctionScriptingTraits (0ms)
		AnalyzeDomain (56ms)
			TypeCache.Refresh (3ms)
				TypeCache.ScanAssembly (0ms)
			BuildScriptInfoCaches (50ms)
			ResolveRequiredComponents (1ms)
	FinalizeReload (285ms)
		ReleaseScriptCaches (0ms)
		RebuildScriptCaches (0ms)
		SetupLoadedEditorAssemblies (234ms)
			LogAssemblyErrors (0ms)
			InitializePlatformSupportModulesInManaged (8ms)
			SetLoadedEditorAssemblies (1ms)
			BeforeProcessingInitializeOnLoad (68ms)
			ProcessInitializeOnLoadAttributes (132ms)
			ProcessInitializeOnLoadMethodAttributes (24ms)
			AfterProcessingInitializeOnLoad (1ms)
			EditorAssembliesLoaded (0ms)
		ExecutionOrderSort2 (0ms)
		AwakeInstancesAfterBackupRestoration (2ms)
Refreshing native plugins compatible for Editor in 0.35 ms, found 2 plugins.
Preloading 0 native plugins for Editor in 0.00 ms.
Unloading 0 Unused Serialized files (Serialized files now loaded: 0)
Unloading 2959 unused Assets / (0.5 MB). Loaded Objects now: 3580.
Memory consumption went from 121.9 MB to 121.4 MB.
Total: 4.238667 ms (FindLiveObjects: 0.132250 ms CreateObjectMapping: 0.047042 ms MarkObjects: 3.731417 ms  DeleteObjects: 0.327834 ms)

Prepare: number of updated asset objects reloaded= 0
========================================================================
Received Prepare
Begin MonoManager ReloadAssembly
[Licensing::Client] Successfully resolved entitlement details
Thread 0x16b78b000 may have been prematurely finalized
- Loaded All Assemblies, in  0.245 seconds
Refreshing native plugins compatible for Editor in 0.30 ms, found 2 plugins.
Native extension for LinuxStandalone target not found
Native extension for iOS target not found
Native extension for OSXStandalone target not found
[Package Manager] Failed to launch server process. Reason: Unity was launched with the -noUpm command-line argument
[Package Manager] Unable to send message (not connected to server process).
[Package Manager] Cannot connect to Unity Package Manager local server
ScheduleIndexationOnStartup MainProcess:False IndexOnStartup:True
Mono: successfully reloaded assembly
- Finished resetting the current domain, in  0.290 seconds
Domain Reload Profiling: 536ms
	BeginReloadAssembly (75ms)
		ExecutionOrderSort (0ms)
		DisableScriptedObjects (6ms)
		BackupInstance (0ms)
		ReleaseScriptingObjects (0ms)
		CreateAndSetChildDomain (18ms)
	RebuildCommonClasses (19ms)
	RebuildNativeTypeToScriptingClass (7ms)
	initialDomainReloadingComplete (9ms)
	LoadAllAssembliesAndSetupDomain (136ms)
		LoadAssemblies (105ms)
		RebuildTransferFunctionScriptingTraits (0ms)
		AnalyzeDomain (55ms)
			TypeCache.Refresh (5ms)
				TypeCache.ScanAssembly (0ms)
			BuildScriptInfoCaches (48ms)
			ResolveRequiredComponents (1ms)
	FinalizeReload (291ms)
		ReleaseScriptCaches (0ms)
		RebuildScriptCaches (0ms)
		SetupLoadedEditorAssemblies (238ms)
			LogAssemblyErrors (0ms)
			InitializePlatformSupportModulesInManaged (9ms)
			SetLoadedEditorAssemblies (2ms)
			BeforeProcessingInitializeOnLoad (72ms)
			ProcessInitializeOnLoadAttributes (134ms)
			ProcessInitializeOnLoadMethodAttributes (21ms)
			AfterProcessingInitializeOnLoad (1ms)
			EditorAssembliesLoaded (0ms)
		ExecutionOrderSort2 (0ms)
		AwakeInstancesAfterBackupRestoration (2ms)
Refreshing native plugins compatible for Editor in 0.29 ms, found 2 plugins.
Preloading 0 native plugins for Editor in 0.00 ms.
Unloading 0 Unused Serialized files (Serialized files now loaded: 0)
Unloading 2959 unused Assets / (0.5 MB). Loaded Objects now: 3583.
Memory consumption went from 125.6 MB to 125.1 MB.
Total: 4.001958 ms (FindLiveObjects: 0.143125 ms CreateObjectMapping: 0.048792 ms MarkObjects: 3.537583 ms  DeleteObjects: 0.272375 ms)

Prepare: number of updated asset objects reloaded= 0
========================================================================
Received Prepare
Refreshing native plugins compatible for Editor in 0.32 ms, found 2 plugins.
Preloading 0 native plugins for Editor in 0.00 ms.
Unloading 0 Unused Serialized files (Serialized files now loaded: 0)
Unloading 0 unused Assets / (0 B). Loaded Objects now: 3583.
Memory consumption went from 118.6 MB to 118.6 MB.
Total: 3.634084 ms (FindLiveObjects: 0.087416 ms CreateObjectMapping: 0.026292 ms MarkObjects: 3.515458 ms  DeleteObjects: 0.004584 ms)

Prepare: number of updated asset objects reloaded= 23
========================================================================
Received Prepare
Refreshing native plugins compatible for Editor in 0.29 ms, found 2 plugins.
Preloading 0 native plugins for Editor in 0.00 ms.
Unloading 0 Unused Serialized files (Serialized files now loaded: 0)
Unloading 0 unused Assets / (0 B). Loaded Objects now: 3583.
Memory consumption went from 118.6 MB to 118.6 MB.
Total: 3.452167 ms (FindLiveObjects: 0.065208 ms CreateObjectMapping: 0.025125 ms MarkObjects: 3.359167 ms  DeleteObjects: 0.002417 ms)

Prepare: number of updated asset objects reloaded= 0
========================================================================
Received Prepare
[Licensing::Client] Successfully resolved entitlement details
Begin MonoManager ReloadAssembly
[Licensing::Client] Successfully resolved entitlement details
Thread 0x16b78b000 may have been prematurely finalized
- Loaded All Assemblies, in  0.273 seconds
Refreshing native plugins compatible for Editor in 0.27 ms, found 2 plugins.
Native extension for LinuxStandalone target not found
Native extension for iOS target not found
Native extension for OSXStandalone target not found
[Package Manager] Failed to launch server process. Reason: Unity was launched with the -noUpm command-line argument
[Package Manager] Unable to send message (not connected to server process).
[Package Manager] Cannot connect to Unity Package Manager local server
ScheduleIndexationOnStartup MainProcess:False IndexOnStartup:True
Mono: successfully reloaded assembly
- Finished resetting the current domain, in  0.286 seconds
Domain Reload Profiling: 560ms
	BeginReloadAssembly (77ms)
		ExecutionOrderSort (0ms)
		DisableScriptedObjects (6ms)
		BackupInstance (0ms)
		ReleaseScriptingObjects (0ms)
		CreateAndSetChildDomain (19ms)
	RebuildCommonClasses (20ms)
	RebuildNativeTypeToScriptingClass (7ms)
	initialDomainReloadingComplete (10ms)
	LoadAllAssembliesAndSetupDomain (159ms)
		LoadAssemblies (116ms)
		RebuildTransferFunctionScriptingTraits (0ms)
		AnalyzeDomain (69ms)
			TypeCache.Refresh (30ms)
				TypeCache.ScanAssembly (25ms)
			BuildScriptInfoCaches (36ms)
			ResolveRequiredComponents (1ms)
	FinalizeReload (286ms)
		ReleaseScriptCaches (0ms)
		RebuildScriptCaches (0ms)
		SetupLoadedEditorAssemblies (232ms)
			LogAssemblyErrors (0ms)
			InitializePlatformSupportModulesInManaged (7ms)
			SetLoadedEditorAssemblies (1ms)
			BeforeProcessingInitializeOnLoad (67ms)
			ProcessInitializeOnLoadAttributes (133ms)
			ProcessInitializeOnLoadMethodAttributes (22ms)
			AfterProcessingInitializeOnLoad (0ms)
			EditorAssembliesLoaded (0ms)
		ExecutionOrderSort2 (0ms)
		AwakeInstancesAfterBackupRestoration (2ms)
Refreshing native plugins compatible for Editor in 0.28 ms, found 2 plugins.
Preloading 0 native plugins for Editor in 0.00 ms.
Unloading 0 Unused Serialized files (Serialized files now loaded: 0)
Unloading 2959 unused Assets / (509.2 KB). Loaded Objects now: 3586.
Memory consumption went from 128.5 MB to 128.0 MB.
Total: 4.104958 ms (FindLiveObjects: 0.151000 ms CreateObjectMapping: 0.050792 ms MarkObjects: 3.574333 ms  DeleteObjects: 0.328625 ms)

Prepare: number of updated asset objects reloaded= 0
[usbmuxd] Attached: 1 00008140-001E0C9A3452801C
[usbmuxd] Detached: 1 00008140-001E0C9A3452801C
[usbmuxd] Attached: 2 00008140-001E0C9A3452801C
========================================================================
Received Prepare
Refreshing native plugins compatible for Editor in 0.28 ms, found 2 plugins.
Preloading 0 native plugins for Editor in 0.00 ms.
Unloading 0 Unused Serialized files (Serialized files now loaded: 0)
Unloading 2952 unused Assets / (0.6 MB). Loaded Objects now: 3587.
Memory consumption went from 123.1 MB to 122.5 MB.
Total: 5.978958 ms (FindLiveObjects: 0.168375 ms CreateObjectMapping: 0.046792 ms MarkObjects: 5.439375 ms  DeleteObjects: 0.324292 ms)

Prepare: number of updated asset objects reloaded= 0
========================================================================
Received Prepare
[Licensing::Client] Successfully resolved entitlement details
Begin MonoManager ReloadAssembly
[Licensing::Client] Successfully resolved entitlement details
Thread 0x16bac7000 may have been prematurely finalized
- Loaded All Assemblies, in  0.286 seconds
Refreshing native plugins compatible for Editor in 0.19 ms, found 2 plugins.
Native extension for LinuxStandalone target not found
Native extension for iOS target not found
Native extension for OSXStandalone target not found
[Package Manager] Failed to launch server process. Reason: Unity was launched with the -noUpm command-line argument
[Package Manager] Unable to send message (not connected to server process).
[Package Manager] Cannot connect to Unity Package Manager local server
ScheduleIndexationOnStartup MainProcess:False IndexOnStartup:True
Mono: successfully reloaded assembly
- Finished resetting the current domain, in  0.289 seconds
Domain Reload Profiling: 576ms
	BeginReloadAssembly (77ms)
		ExecutionOrderSort (0ms)
		DisableScriptedObjects (6ms)
		BackupInstance (0ms)
		ReleaseScriptingObjects (0ms)
		CreateAndSetChildDomain (20ms)
	RebuildCommonClasses (18ms)
	RebuildNativeTypeToScriptingClass (7ms)
	initialDomainReloadingComplete (10ms)
	LoadAllAssembliesAndSetupDomain (175ms)
		LoadAssemblies (141ms)
		RebuildTransferFunctionScriptingTraits (0ms)
		AnalyzeDomain (58ms)
			TypeCache.Refresh (5ms)
				TypeCache.ScanAssembly (0ms)
			BuildScriptInfoCaches (50ms)
			ResolveRequiredComponents (1ms)
	FinalizeReload (289ms)
		ReleaseScriptCaches (0ms)
		RebuildScriptCaches (0ms)
		SetupLoadedEditorAssemblies (239ms)
			LogAssemblyErrors (0ms)
			InitializePlatformSupportModulesInManaged (9ms)
			SetLoadedEditorAssemblies (2ms)
			BeforeProcessingInitializeOnLoad (74ms)
			ProcessInitializeOnLoadAttributes (133ms)
			ProcessInitializeOnLoadMethodAttributes (22ms)
			AfterProcessingInitializeOnLoad (1ms)
			EditorAssembliesLoaded (0ms)
		ExecutionOrderSort2 (0ms)
		AwakeInstancesAfterBackupRestoration (2ms)
Refreshing native plugins compatible for Editor in 0.32 ms, found 2 plugins.
Preloading 0 native plugins for Editor in 0.00 ms.
Unloading 0 Unused Serialized files (Serialized files now loaded: 0)
Unloading 2960 unused Assets / (0.6 MB). Loaded Objects now: 3590.
Memory consumption went from 131.4 MB to 130.8 MB.
Total: 3.944250 ms (FindLiveObjects: 0.140584 ms CreateObjectMapping: 0.043625 ms MarkObjects: 3.428959 ms  DeleteObjects: 0.330667 ms)

Prepare: number of updated asset objects reloaded= 0
========================================================================
Received Prepare
Begin MonoManager ReloadAssembly
Thread 0x16bac7000 may have been prematurely finalized
- Loaded All Assemblies, in  0.242 seconds
Refreshing native plugins compatible for Editor in 0.19 ms, found 2 plugins.
Native extension for LinuxStandalone target not found
Native extension for iOS target not found
Native extension for OSXStandalone target not found
[Package Manager] Failed to launch server process. Reason: Unity was launched with the -noUpm command-line argument
[Package Manager] Unable to send message (not connected to server process).
[Package Manager] Cannot connect to Unity Package Manager local server
ScheduleIndexationOnStartup MainProcess:False IndexOnStartup:True
Mono: successfully reloaded assembly
- Finished resetting the current domain, in  0.274 seconds
Domain Reload Profiling: 517ms
	BeginReloadAssembly (71ms)
		ExecutionOrderSort (0ms)
		DisableScriptedObjects (6ms)
		BackupInstance (0ms)
		ReleaseScriptingObjects (0ms)
		CreateAndSetChildDomain (18ms)
	RebuildCommonClasses (19ms)
	RebuildNativeTypeToScriptingClass (7ms)
	initialDomainReloadingComplete (9ms)
	LoadAllAssembliesAndSetupDomain (138ms)
		LoadAssemblies (102ms)
		RebuildTransferFunctionScriptingTraits (0ms)
		AnalyzeDomain (57ms)
			TypeCache.Refresh (4ms)
				TypeCache.ScanAssembly (0ms)
			BuildScriptInfoCaches (51ms)
			ResolveRequiredComponents (1ms)
	FinalizeReload (274ms)
		ReleaseScriptCaches (0ms)
		RebuildScriptCaches (0ms)
		SetupLoadedEditorAssemblies (226ms)
			LogAssemblyErrors (0ms)
			InitializePlatformSupportModulesInManaged (8ms)
			SetLoadedEditorAssemblies (1ms)
			BeforeProcessingInitializeOnLoad (70ms)
			ProcessInitializeOnLoadAttributes (126ms)
			ProcessInitializeOnLoadMethodAttributes (21ms)
			AfterProcessingInitializeOnLoad (0ms)
			EditorAssembliesLoaded (0ms)
		ExecutionOrderSort2 (0ms)
		AwakeInstancesAfterBackupRestoration (2ms)
Refreshing native plugins compatible for Editor in 0.26 ms, found 2 plugins.
Preloading 0 native plugins for Editor in 0.00 ms.
Unloading 0 Unused Serialized files (Serialized files now loaded: 0)
Unloading 2960 unused Assets / (0.6 MB). Loaded Objects now: 3593.
Memory consumption went from 135.2 MB to 134.6 MB.
Total: 3.977625 ms (FindLiveObjects: 0.133000 ms CreateObjectMapping: 0.048959 ms MarkObjects: 3.471791 ms  DeleteObjects: 0.323500 ms)

Prepare: number of updated asset objects reloaded= 0
========================================================================
Received Prepare
Refreshing native plugins compatible for Editor in 0.31 ms, found 2 plugins.
Preloading 0 native plugins for Editor in 0.00 ms.
Unloading 0 Unused Serialized files (Serialized files now loaded: 0)
Unloading 2953 unused Assets / (0.6 MB). Loaded Objects now: 3594.
Memory consumption went from 130.4 MB to 129.8 MB.
Total: 3.907542 ms (FindLiveObjects: 0.146750 ms CreateObjectMapping: 0.048750 ms MarkObjects: 3.374000 ms  DeleteObjects: 0.337958 ms)

Prepare: number of updated asset objects reloaded= 0
========================================================================
Received Prepare
[Licensing::Client] Successfully resolved entitlement details
Begin MonoManager ReloadAssembly
[Licensing::Client] Successfully resolved entitlement details
Thread 0x16bac7000 may have been prematurely finalized
- Loaded All Assemblies, in  0.283 seconds
Refreshing native plugins compatible for Editor in 0.20 ms, found 2 plugins.
Native extension for LinuxStandalone target not found
Native extension for iOS target not found
Native extension for OSXStandalone target not found
[Package Manager] Failed to launch server process. Reason: Unity was launched with the -noUpm command-line argument
[Package Manager] Unable to send message (not connected to server process).
[Package Manager] Cannot connect to Unity Package Manager local server
ScheduleIndexationOnStartup MainProcess:False IndexOnStartup:True
Mono: successfully reloaded assembly
- Finished resetting the current domain, in  0.288 seconds
Domain Reload Profiling: 572ms
	BeginReloadAssembly (73ms)
		ExecutionOrderSort (0ms)
		DisableScriptedObjects (5ms)
		BackupInstance (0ms)
		ReleaseScriptingObjects (0ms)
		CreateAndSetChildDomain (18ms)
	RebuildCommonClasses (19ms)
	RebuildNativeTypeToScriptingClass (7ms)
	initialDomainReloadingComplete (9ms)
	LoadAllAssembliesAndSetupDomain (177ms)
		LoadAssemblies (145ms)
		RebuildTransferFunctionScriptingTraits (0ms)
		AnalyzeDomain (55ms)
			TypeCache.Refresh (5ms)
				TypeCache.ScanAssembly (0ms)
			BuildScriptInfoCaches (48ms)
			ResolveRequiredComponents (1ms)
	FinalizeReload (289ms)
		ReleaseScriptCaches (0ms)
		RebuildScriptCaches (0ms)
		SetupLoadedEditorAssemblies (237ms)
			LogAssemblyErrors (0ms)
			InitializePlatformSupportModulesInManaged (8ms)
			SetLoadedEditorAssemblies (1ms)
			BeforeProcessingInitializeOnLoad (68ms)
			ProcessInitializeOnLoadAttributes (138ms)
			ProcessInitializeOnLoadMethodAttributes (22ms)
			AfterProcessingInitializeOnLoad (0ms)
			EditorAssembliesLoaded (0ms)
		ExecutionOrderSort2 (0ms)
		AwakeInstancesAfterBackupRestoration (2ms)
Refreshing native plugins compatible for Editor in 0.27 ms, found 2 plugins.
Preloading 0 native plugins for Editor in 0.00 ms.
Unloading 0 Unused Serialized files (Serialized files now loaded: 0)
Unloading 2961 unused Assets / (494.8 KB). Loaded Objects now: 3597.
Memory consumption went from 138.6 MB to 138.2 MB.
Total: 3.926583 ms (FindLiveObjects: 0.134959 ms CreateObjectMapping: 0.046750 ms MarkObjects: 3.471750 ms  DeleteObjects: 0.272666 ms)

Prepare: number of updated asset objects reloaded= 0
========================================================================
Received Prepare
Begin MonoManager ReloadAssembly
Thread 0x16bac7000 may have been prematurely finalized
- Loaded All Assemblies, in  0.245 seconds
Refreshing native plugins compatible for Editor in 0.27 ms, found 2 plugins.
Native extension for LinuxStandalone target not found
Native extension for iOS target not found
Native extension for OSXStandalone target not found
[Package Manager] Failed to launch server process. Reason: Unity was launched with the -noUpm command-line argument
[Package Manager] Unable to send message (not connected to server process).
[Package Manager] Cannot connect to Unity Package Manager local server
ScheduleIndexationOnStartup MainProcess:False IndexOnStartup:True
Mono: successfully reloaded assembly
- Finished resetting the current domain, in  0.275 seconds
Domain Reload Profiling: 521ms
	BeginReloadAssembly (70ms)
		ExecutionOrderSort (0ms)
		DisableScriptedObjects (6ms)
		BackupInstance (0ms)
		ReleaseScriptingObjects (0ms)
		CreateAndSetChildDomain (18ms)
	RebuildCommonClasses (19ms)
	RebuildNativeTypeToScriptingClass (7ms)
	initialDomainReloadingComplete (9ms)
	LoadAllAssembliesAndSetupDomain (141ms)
		LoadAssemblies (105ms)
		RebuildTransferFunctionScriptingTraits (0ms)
		AnalyzeDomain (58ms)
			TypeCache.Refresh (5ms)
				TypeCache.ScanAssembly (0ms)
			BuildScriptInfoCaches (50ms)
			ResolveRequiredComponents (1ms)
	FinalizeReload (275ms)
		ReleaseScriptCaches (0ms)
		RebuildScriptCaches (0ms)
		SetupLoadedEditorAssemblies (224ms)
			LogAssemblyErrors (0ms)
			InitializePlatformSupportModulesInManaged (8ms)
			SetLoadedEditorAssemblies (1ms)
			BeforeProcessingInitializeOnLoad (66ms)
			ProcessInitializeOnLoadAttributes (126ms)
			ProcessInitializeOnLoadMethodAttributes (22ms)
			AfterProcessingInitializeOnLoad (0ms)
			EditorAssembliesLoaded (0ms)
		ExecutionOrderSort2 (0ms)
		AwakeInstancesAfterBackupRestoration (2ms)
Refreshing native plugins compatible for Editor in 0.25 ms, found 2 plugins.
Preloading 0 native plugins for Editor in 0.00 ms.
Unloading 0 Unused Serialized files (Serialized files now loaded: 0)
Unloading 2961 unused Assets / (0.5 MB). Loaded Objects now: 3600.
Memory consumption went from 142.5 MB to 142.0 MB.
Total: 4.019916 ms (FindLiveObjects: 0.146417 ms CreateObjectMapping: 0.049958 ms MarkObjects: 3.520583 ms  DeleteObjects: 0.302750 ms)

Prepare: number of updated asset objects reloaded= 0
========================================================================
Received Prepare
[Licensing::Client] Successfully resolved entitlement details
Begin MonoManager ReloadAssembly
[Licensing::Client] Successfully resolved entitlement details
Thread 0x16bac7000 may have been prematurely finalized
- Loaded All Assemblies, in  0.281 seconds
Refreshing native plugins compatible for Editor in 0.21 ms, found 2 plugins.
Native extension for LinuxStandalone target not found
Native extension for iOS target not found
Native extension for OSXStandalone target not found
[Package Manager] Failed to launch server process. Reason: Unity was launched with the -noUpm command-line argument
[Package Manager] Unable to send message (not connected to server process).
[Package Manager] Cannot connect to Unity Package Manager local server
ScheduleIndexationOnStartup MainProcess:False IndexOnStartup:True
Mono: successfully reloaded assembly
- Finished resetting the current domain, in  0.295 seconds
Domain Reload Profiling: 576ms
	BeginReloadAssembly (74ms)
		ExecutionOrderSort (0ms)
		DisableScriptedObjects (6ms)
		BackupInstance (0ms)
		ReleaseScriptingObjects (0ms)
		CreateAndSetChildDomain (18ms)
	RebuildCommonClasses (19ms)
	RebuildNativeTypeToScriptingClass (7ms)
	initialDomainReloadingComplete (10ms)
	LoadAllAssembliesAndSetupDomain (171ms)
		LoadAssemblies (140ms)
		RebuildTransferFunctionScriptingTraits (0ms)
		AnalyzeDomain (56ms)
			TypeCache.Refresh (4ms)
				TypeCache.ScanAssembly (0ms)
			BuildScriptInfoCaches (49ms)
			ResolveRequiredComponents (1ms)
	FinalizeReload (295ms)
		ReleaseScriptCaches (0ms)
		RebuildScriptCaches (0ms)
		SetupLoadedEditorAssemblies (242ms)
			LogAssemblyErrors (0ms)
			InitializePlatformSupportModulesInManaged (9ms)
			SetLoadedEditorAssemblies (2ms)
			BeforeProcessingInitializeOnLoad (72ms)
			ProcessInitializeOnLoadAttributes (136ms)
			ProcessInitializeOnLoadMethodAttributes (23ms)
			AfterProcessingInitializeOnLoad (0ms)
			EditorAssembliesLoaded (0ms)
		ExecutionOrderSort2 (0ms)
		AwakeInstancesAfterBackupRestoration (2ms)
Refreshing native plugins compatible for Editor in 0.34 ms, found 2 plugins.
Preloading 0 native plugins for Editor in 0.00 ms.
Unloading 0 Unused Serialized files (Serialized files now loaded: 0)
Unloading 2961 unused Assets / (0.5 MB). Loaded Objects now: 3603.
Memory consumption went from 146.2 MB to 145.7 MB.
Total: 3.745708 ms (FindLiveObjects: 0.134250 ms CreateObjectMapping: 0.049208 ms MarkObjects: 3.255792 ms  DeleteObjects: 0.306250 ms)

Prepare: number of updated asset objects reloaded= 0
========================================================================
Received Prepare
Begin MonoManager ReloadAssembly
Thread 0x16ba47000 may have been prematurely finalized
- Loaded All Assemblies, in  0.241 seconds
Refreshing native plugins compatible for Editor in 0.20 ms, found 2 plugins.
Native extension for LinuxStandalone target not found
Native extension for iOS target not found
Native extension for OSXStandalone target not found
[Package Manager] Failed to launch server process. Reason: Unity was launched with the -noUpm command-line argument
[Package Manager] Unable to send message (not connected to server process).
[Package Manager] Cannot connect to Unity Package Manager local server
ScheduleIndexationOnStartup MainProcess:False IndexOnStartup:True
Mono: successfully reloaded assembly
- Finished resetting the current domain, in  0.281 seconds
Domain Reload Profiling: 523ms
	BeginReloadAssembly (69ms)
		ExecutionOrderSort (0ms)
		DisableScriptedObjects (5ms)
		BackupInstance (0ms)
		ReleaseScriptingObjects (0ms)
		CreateAndSetChildDomain (17ms)
	RebuildCommonClasses (18ms)
	RebuildNativeTypeToScriptingClass (7ms)
	initialDomainReloadingComplete (9ms)
	LoadAllAssembliesAndSetupDomain (138ms)
		LoadAssemblies (103ms)
		RebuildTransferFunctionScriptingTraits (0ms)
		AnalyzeDomain (56ms)
			TypeCache.Refresh (4ms)
				TypeCache.ScanAssembly (0ms)
			BuildScriptInfoCaches (50ms)
			ResolveRequiredComponents (1ms)
	FinalizeReload (281ms)
		ReleaseScriptCaches (0ms)
		RebuildScriptCaches (0ms)
		SetupLoadedEditorAssemblies (230ms)
			LogAssemblyErrors (0ms)
			InitializePlatformSupportModulesInManaged (11ms)
			SetLoadedEditorAssemblies (1ms)
			BeforeProcessingInitializeOnLoad (69ms)
			ProcessInitializeOnLoadAttributes (126ms)
			ProcessInitializeOnLoadMethodAttributes (22ms)
			AfterProcessingInitializeOnLoad (1ms)
			EditorAssembliesLoaded (0ms)
		ExecutionOrderSort2 (0ms)
		AwakeInstancesAfterBackupRestoration (2ms)
Refreshing native plugins compatible for Editor in 0.19 ms, found 2 plugins.
Preloading 0 native plugins for Editor in 0.00 ms.
Unloading 0 Unused Serialized files (Serialized files now loaded: 0)
Unloading 2961 unused Assets / (0.6 MB). Loaded Objects now: 3606.
Memory consumption went from 150.0 MB to 149.5 MB.
Total: 4.220458 ms (FindLiveObjects: 0.165583 ms CreateObjectMapping: 0.056833 ms MarkObjects: 3.685042 ms  DeleteObjects: 0.312541 ms)

Prepare: number of updated asset objects reloaded= 0
========================================================================
Received Prepare
[Licensing::Client] Successfully resolved entitlement details
Begin MonoManager ReloadAssembly
[Licensing::Client] Successfully resolved entitlement details
Thread 0x16ba47000 may have been prematurely finalized
- Loaded All Assemblies, in  0.244 seconds
Refreshing native plugins compatible for Editor in 0.27 ms, found 2 plugins.
Native extension for LinuxStandalone target not found
Native extension for iOS target not found
Native extension for OSXStandalone target not found
[Package Manager] Failed to launch server process. Reason: Unity was launched with the -noUpm command-line argument
[Package Manager] Unable to send message (not connected to server process).
[Package Manager] Cannot connect to Unity Package Manager local server
ScheduleIndexationOnStartup MainProcess:False IndexOnStartup:True
Mono: successfully reloaded assembly
- Finished resetting the current domain, in  0.286 seconds
Domain Reload Profiling: 532ms
	BeginReloadAssembly (71ms)
		ExecutionOrderSort (0ms)
		DisableScriptedObjects (5ms)
		BackupInstance (0ms)
		ReleaseScriptingObjects (0ms)
		CreateAndSetChildDomain (18ms)
	RebuildCommonClasses (18ms)
	RebuildNativeTypeToScriptingClass (7ms)
	initialDomainReloadingComplete (9ms)
	LoadAllAssembliesAndSetupDomain (140ms)
		LoadAssemblies (105ms)
		RebuildTransferFunctionScriptingTraits (0ms)
		AnalyzeDomain (56ms)
			TypeCache.Refresh (3ms)
				TypeCache.ScanAssembly (0ms)
			BuildScriptInfoCaches (50ms)
			ResolveRequiredComponents (1ms)
	FinalizeReload (287ms)
		ReleaseScriptCaches (0ms)
		RebuildScriptCaches (0ms)
		SetupLoadedEditorAssemblies (234ms)
			LogAssemblyErrors (0ms)
			InitializePlatformSupportModulesInManaged (8ms)
			SetLoadedEditorAssemblies (1ms)
			BeforeProcessingInitializeOnLoad (69ms)
			ProcessInitializeOnLoadAttributes (131ms)
			ProcessInitializeOnLoadMethodAttributes (23ms)
			AfterProcessingInitializeOnLoad (0ms)
			EditorAssembliesLoaded (0ms)
		ExecutionOrderSort2 (0ms)
		AwakeInstancesAfterBackupRestoration (2ms)
Refreshing native plugins compatible for Editor in 0.33 ms, found 2 plugins.
Preloading 0 native plugins for Editor in 0.00 ms.
Unloading 0 Unused Serialized files (Serialized files now loaded: 0)
Unloading 2961 unused Assets / (424.7 KB). Loaded Objects now: 3609.
Memory consumption went from 153.9 MB to 153.5 MB.
Total: 3.934709 ms (FindLiveObjects: 0.162792 ms CreateObjectMapping: 0.082417 ms MarkObjects: 3.370333 ms  DeleteObjects: 0.318958 ms)

Prepare: number of updated asset objects reloaded= 0
========================================================================
Received Prepare
Refreshing native plugins compatible for Editor in 0.27 ms, found 2 plugins.
Preloading 0 native plugins for Editor in 0.00 ms.
Unloading 0 Unused Serialized files (Serialized files now loaded: 0)
Unloading 2953 unused Assets / (0.6 MB). Loaded Objects now: 3609.
Memory consumption went from 149.2 MB to 148.6 MB.
Total: 4.276750 ms (FindLiveObjects: 0.142416 ms CreateObjectMapping: 0.049375 ms MarkObjects: 3.677125 ms  DeleteObjects: 0.407458 ms)

Prepare: number of updated asset objects reloaded= 0
========================================================================
Received Prepare
[Licensing::Client] Successfully resolved entitlement details
Begin MonoManager ReloadAssembly
[Licensing::Client] Successfully resolved entitlement details
Thread 0x16ba47000 may have been prematurely finalized
- Loaded All Assemblies, in  0.240 seconds
Refreshing native plugins compatible for Editor in 0.22 ms, found 2 plugins.
Native extension for LinuxStandalone target not found
Native extension for iOS target not found
Native extension for OSXStandalone target not found
[Package Manager] Failed to launch server process. Reason: Unity was launched with the -noUpm command-line argument
[Package Manager] Unable to send message (not connected to server process).
[Package Manager] Cannot connect to Unity Package Manager local server
ScheduleIndexationOnStartup MainProcess:False IndexOnStartup:True
Mono: successfully reloaded assembly
- Finished resetting the current domain, in  0.309 seconds
Domain Reload Profiling: 550ms
	BeginReloadAssembly (73ms)
		ExecutionOrderSort (0ms)
		DisableScriptedObjects (6ms)
		BackupInstance (0ms)
		ReleaseScriptingObjects (0ms)
		CreateAndSetChildDomain (19ms)
	RebuildCommonClasses (19ms)
	RebuildNativeTypeToScriptingClass (7ms)
	initialDomainReloadingComplete (9ms)
	LoadAllAssembliesAndSetupDomain (133ms)
		LoadAssemblies (97ms)
		RebuildTransferFunctionScriptingTraits (0ms)
		AnalyzeDomain (57ms)
			TypeCache.Refresh (5ms)
				TypeCache.ScanAssembly (0ms)
			BuildScriptInfoCaches (50ms)
			ResolveRequiredComponents (1ms)
	FinalizeReload (309ms)
		ReleaseScriptCaches (0ms)
		RebuildScriptCaches (0ms)
		SetupLoadedEditorAssemblies (255ms)
			LogAssemblyErrors (0ms)
			InitializePlatformSupportModulesInManaged (8ms)
			SetLoadedEditorAssemblies (1ms)
			BeforeProcessingInitializeOnLoad (78ms)
			ProcessInitializeOnLoadAttributes (144ms)
			ProcessInitializeOnLoadMethodAttributes (23ms)
			AfterProcessingInitializeOnLoad (0ms)
			EditorAssembliesLoaded (0ms)
		ExecutionOrderSort2 (0ms)
		AwakeInstancesAfterBackupRestoration (2ms)
Refreshing native plugins compatible for Editor in 0.32 ms, found 2 plugins.
Preloading 0 native plugins for Editor in 0.00 ms.
Unloading 0 Unused Serialized files (Serialized files now loaded: 0)
Unloading 2961 unused Assets / (0.5 MB). Loaded Objects now: 3612.
Memory consumption went from 157.5 MB to 156.9 MB.
Total: 4.275916 ms (FindLiveObjects: 0.132708 ms CreateObjectMapping: 0.047167 ms MarkObjects: 3.749583 ms  DeleteObjects: 0.346167 ms)

Prepare: number of updated asset objects reloaded= 0
========================================================================
Received Prepare
Begin MonoManager ReloadAssembly
Thread 0x16ba47000 may have been prematurely finalized
- Loaded All Assemblies, in  0.247 seconds
Refreshing native plugins compatible for Editor in 0.17 ms, found 2 plugins.
Native extension for LinuxStandalone target not found
Native extension for iOS target not found
Native extension for OSXStandalone target not found
[Package Manager] Failed to launch server process. Reason: Unity was launched with the -noUpm command-line argument
[Package Manager] Unable to send message (not connected to server process).
[Package Manager] Cannot connect to Unity Package Manager local server
ScheduleIndexationOnStartup MainProcess:False IndexOnStartup:True
Mono: successfully reloaded assembly
- Finished resetting the current domain, in  0.286 seconds
Domain Reload Profiling: 534ms
	BeginReloadAssembly (72ms)
		ExecutionOrderSort (0ms)
		DisableScriptedObjects (6ms)
		BackupInstance (0ms)
		ReleaseScriptingObjects (0ms)
		CreateAndSetChildDomain (18ms)
	RebuildCommonClasses (19ms)
	RebuildNativeTypeToScriptingClass (7ms)
	initialDomainReloadingComplete (9ms)
	LoadAllAssembliesAndSetupDomain (141ms)
		LoadAssemblies (105ms)
		RebuildTransferFunctionScriptingTraits (0ms)
		AnalyzeDomain (57ms)
			TypeCache.Refresh (4ms)
				TypeCache.ScanAssembly (0ms)
			BuildScriptInfoCaches (51ms)
			ResolveRequiredComponents (1ms)
	FinalizeReload (286ms)
		ReleaseScriptCaches (0ms)
		RebuildScriptCaches (0ms)
		SetupLoadedEditorAssemblies (233ms)
			LogAssemblyErrors (0ms)
			InitializePlatformSupportModulesInManaged (7ms)
			SetLoadedEditorAssemblies (1ms)
			BeforeProcessingInitializeOnLoad (70ms)
			ProcessInitializeOnLoadAttributes (130ms)
			ProcessInitializeOnLoadMethodAttributes (24ms)
			AfterProcessingInitializeOnLoad (1ms)
			EditorAssembliesLoaded (0ms)
		ExecutionOrderSort2 (0ms)
		AwakeInstancesAfterBackupRestoration (2ms)
Refreshing native plugins compatible for Editor in 0.28 ms, found 2 plugins.
Preloading 0 native plugins for Editor in 0.00 ms.
Unloading 0 Unused Serialized files (Serialized files now loaded: 0)
Unloading 2961 unused Assets / (0.6 MB). Loaded Objects now: 3615.
Memory consumption went from 161.3 MB to 160.7 MB.
Total: 3.964958 ms (FindLiveObjects: 0.148208 ms CreateObjectMapping: 0.049709 ms MarkObjects: 3.382000 ms  DeleteObjects: 0.384792 ms)

Prepare: number of updated asset objects reloaded= 0
========================================================================
Received Prepare
Refreshing native plugins compatible for Editor in 0.29 ms, found 2 plugins.
Preloading 0 native plugins for Editor in 0.00 ms.
Unloading 0 Unused Serialized files (Serialized files now loaded: 0)
Unloading 2953 unused Assets / (0.6 MB). Loaded Objects now: 3615.
Memory consumption went from 156.7 MB to 156.0 MB.
Total: 3.956541 ms (FindLiveObjects: 0.128625 ms CreateObjectMapping: 0.046584 ms MarkObjects: 3.494791 ms  DeleteObjects: 0.286375 ms)

Prepare: number of updated asset objects reloaded= 0
========================================================================
Received Prepare
[Licensing::Client] Successfully resolved entitlement details
Begin MonoManager ReloadAssembly
[Licensing::Client] Successfully resolved entitlement details
Thread 0x16ba47000 may have been prematurely finalized
- Loaded All Assemblies, in  0.245 seconds
Refreshing native plugins compatible for Editor in 0.26 ms, found 2 plugins.
Native extension for LinuxStandalone target not found
Native extension for iOS target not found
Native extension for OSXStandalone target not found
[Package Manager] Failed to launch server process. Reason: Unity was launched with the -noUpm command-line argument
[Package Manager] Unable to send message (not connected to server process).
[Package Manager] Cannot connect to Unity Package Manager local server
ScheduleIndexationOnStartup MainProcess:False IndexOnStartup:True
Mono: successfully reloaded assembly
- Finished resetting the current domain, in  0.304 seconds
Domain Reload Profiling: 551ms
	BeginReloadAssembly (73ms)
		ExecutionOrderSort (0ms)
		DisableScriptedObjects (6ms)
		BackupInstance (0ms)
		ReleaseScriptingObjects (0ms)
		CreateAndSetChildDomain (19ms)
	RebuildCommonClasses (19ms)
	RebuildNativeTypeToScriptingClass (7ms)
	initialDomainReloadingComplete (9ms)
	LoadAllAssembliesAndSetupDomain (138ms)
		LoadAssemblies (103ms)
		RebuildTransferFunctionScriptingTraits (0ms)
		AnalyzeDomain (56ms)
			TypeCache.Refresh (5ms)
				TypeCache.ScanAssembly (0ms)
			BuildScriptInfoCaches (49ms)
			ResolveRequiredComponents (1ms)
	FinalizeReload (304ms)
		ReleaseScriptCaches (0ms)
		RebuildScriptCaches (0ms)
		SetupLoadedEditorAssemblies (251ms)
			LogAssemblyErrors (0ms)
			InitializePlatformSupportModulesInManaged (8ms)
			SetLoadedEditorAssemblies (1ms)
			BeforeProcessingInitializeOnLoad (77ms)
			ProcessInitializeOnLoadAttributes (142ms)
			ProcessInitializeOnLoadMethodAttributes (22ms)
			AfterProcessingInitializeOnLoad (1ms)
			EditorAssembliesLoaded (0ms)
		ExecutionOrderSort2 (0ms)
		AwakeInstancesAfterBackupRestoration (2ms)
Refreshing native plugins compatible for Editor in 0.25 ms, found 2 plugins.
Preloading 0 native plugins for Editor in 0.00 ms.
Unloading 0 Unused Serialized files (Serialized files now loaded: 0)
Unloading 2961 unused Assets / (506.1 KB). Loaded Objects now: 3618.
Memory consumption went from 164.9 MB to 164.4 MB.
Total: 3.764209 ms (FindLiveObjects: 0.148667 ms CreateObjectMapping: 0.049375 ms MarkObjects: 3.272542 ms  DeleteObjects: 0.293458 ms)

Prepare: number of updated asset objects reloaded= 0
========================================================================
Received Prepare
Begin MonoManager ReloadAssembly
Thread 0x16ba47000 may have been prematurely finalized
- Loaded All Assemblies, in  0.246 seconds
Refreshing native plugins compatible for Editor in 0.45 ms, found 2 plugins.
Native extension for LinuxStandalone target not found
Native extension for iOS target not found
Native extension for OSXStandalone target not found
[Package Manager] Failed to launch server process. Reason: Unity was launched with the -noUpm command-line argument
[Package Manager] Unable to send message (not connected to server process).
[Package Manager] Cannot connect to Unity Package Manager local server
ScheduleIndexationOnStartup MainProcess:False IndexOnStartup:True
Mono: successfully reloaded assembly
- Finished resetting the current domain, in  0.285 seconds
Domain Reload Profiling: 532ms
	BeginReloadAssembly (71ms)
		ExecutionOrderSort (0ms)
		DisableScriptedObjects (5ms)
		BackupInstance (0ms)
		ReleaseScriptingObjects (0ms)
		CreateAndSetChildDomain (17ms)
	RebuildCommonClasses (18ms)
	RebuildNativeTypeToScriptingClass (7ms)
	initialDomainReloadingComplete (9ms)
	LoadAllAssembliesAndSetupDomain (140ms)
		LoadAssemblies (106ms)
		RebuildTransferFunctionScriptingTraits (0ms)
		AnalyzeDomain (56ms)
			TypeCache.Refresh (3ms)
				TypeCache.ScanAssembly (0ms)
			BuildScriptInfoCaches (50ms)
			ResolveRequiredComponents (1ms)
	FinalizeReload (285ms)
		ReleaseScriptCaches (0ms)
		RebuildScriptCaches (0ms)
		SetupLoadedEditorAssemblies (232ms)
			LogAssemblyErrors (0ms)
			InitializePlatformSupportModulesInManaged (8ms)
			SetLoadedEditorAssemblies (1ms)
			BeforeProcessingInitializeOnLoad (71ms)
			ProcessInitializeOnLoadAttributes (129ms)
			ProcessInitializeOnLoadMethodAttributes (23ms)
			AfterProcessingInitializeOnLoad (1ms)
			EditorAssembliesLoaded (0ms)
		ExecutionOrderSort2 (0ms)
		AwakeInstancesAfterBackupRestoration (2ms)
Refreshing native plugins compatible for Editor in 0.32 ms, found 2 plugins.
Preloading 0 native plugins for Editor in 0.00 ms.
Unloading 0 Unused Serialized files (Serialized files now loaded: 0)
Unloading 2961 unused Assets / (0.6 MB). Loaded Objects now: 3621.
Memory consumption went from 168.8 MB to 168.2 MB.
Total: 4.091750 ms (FindLiveObjects: 0.149459 ms CreateObjectMapping: 0.049750 ms MarkObjects: 3.583000 ms  DeleteObjects: 0.309209 ms)

Prepare: number of updated asset objects reloaded= 0
[usbmuxd] Detached: 2 00008140-001E0C9A3452801C
========================================================================
Received Prepare
[Licensing::Client] Successfully resolved entitlement details
Begin MonoManager ReloadAssembly
[Licensing::Client] Successfully resolved entitlement details
Thread 0x16ba47000 may have been prematurely finalized
- Loaded All Assemblies, in  0.308 seconds
Refreshing native plugins compatible for Editor in 0.16 ms, found 2 plugins.
Native extension for LinuxStandalone target not found
Native extension for iOS target not found
Native extension for OSXStandalone target not found
[Package Manager] Failed to launch server process. Reason: Unity was launched with the -noUpm command-line argument
[Package Manager] Unable to send message (not connected to server process).
[Package Manager] Cannot connect to Unity Package Manager local server
ScheduleIndexationOnStartup MainProcess:False IndexOnStartup:True
Mono: successfully reloaded assembly
- Finished resetting the current domain, in  0.291 seconds
Domain Reload Profiling: 600ms
	BeginReloadAssembly (82ms)
		ExecutionOrderSort (0ms)
		DisableScriptedObjects (7ms)
		BackupInstance (0ms)
		ReleaseScriptingObjects (0ms)
		CreateAndSetChildDomain (20ms)
	RebuildCommonClasses (18ms)
	RebuildNativeTypeToScriptingClass (7ms)
	initialDomainReloadingComplete (10ms)
	LoadAllAssembliesAndSetupDomain (192ms)
		LoadAssemblies (163ms)
		RebuildTransferFunctionScriptingTraits (0ms)
		AnalyzeDomain (56ms)
			TypeCache.Refresh (4ms)
				TypeCache.ScanAssembly (0ms)
			BuildScriptInfoCaches (49ms)
			ResolveRequiredComponents (1ms)
	FinalizeReload (291ms)
		ReleaseScriptCaches (0ms)
		RebuildScriptCaches (0ms)
		SetupLoadedEditorAssemblies (238ms)
			LogAssemblyErrors (0ms)
			InitializePlatformSupportModulesInManaged (8ms)
			SetLoadedEditorAssemblies (2ms)
			BeforeProcessingInitializeOnLoad (71ms)
			ProcessInitializeOnLoadAttributes (134ms)
			ProcessInitializeOnLoadMethodAttributes (22ms)
			AfterProcessingInitializeOnLoad (0ms)
			EditorAssembliesLoaded (0ms)
		ExecutionOrderSort2 (0ms)
		AwakeInstancesAfterBackupRestoration (2ms)
Refreshing native plugins compatible for Editor in 0.26 ms, found 2 plugins.
Preloading 0 native plugins for Editor in 0.00 ms.
Unloading 0 Unused Serialized files (Serialized files now loaded: 0)
Unloading 2961 unused Assets / (504.9 KB). Loaded Objects now: 3624.
Memory consumption went from 171.8 MB to 171.3 MB.
Total: 3.934416 ms (FindLiveObjects: 0.139625 ms CreateObjectMapping: 0.046334 ms MarkObjects: 3.457708 ms  DeleteObjects: 0.290583 ms)

Prepare: number of updated asset objects reloaded= 0
========================================================================
Received Prepare
Begin MonoManager ReloadAssembly
Thread 0x16ba47000 may have been prematurely finalized
- Loaded All Assemblies, in  0.244 seconds
Refreshing native plugins compatible for Editor in 0.18 ms, found 2 plugins.
Native extension for LinuxStandalone target not found
Native extension for iOS target not found
Native extension for OSXStandalone target not found
[Package Manager] Failed to launch server process. Reason: Unity was launched with the -noUpm command-line argument
[Package Manager] Unable to send message (not connected to server process).
[Package Manager] Cannot connect to Unity Package Manager local server
ScheduleIndexationOnStartup MainProcess:False IndexOnStartup:True
Mono: successfully reloaded assembly
- Finished resetting the current domain, in  0.277 seconds
Domain Reload Profiling: 522ms
	BeginReloadAssembly (71ms)
		ExecutionOrderSort (0ms)
		DisableScriptedObjects (6ms)
		BackupInstance (0ms)
		ReleaseScriptingObjects (0ms)
		CreateAndSetChildDomain (18ms)
	RebuildCommonClasses (18ms)
	RebuildNativeTypeToScriptingClass (7ms)
	initialDomainReloadingComplete (10ms)
	LoadAllAssembliesAndSetupDomain (139ms)
		LoadAssemblies (105ms)
		RebuildTransferFunctionScriptingTraits (0ms)
		AnalyzeDomain (56ms)
			TypeCache.Refresh (3ms)
				TypeCache.ScanAssembly (0ms)
			BuildScriptInfoCaches (50ms)
			ResolveRequiredComponents (1ms)
	FinalizeReload (278ms)
		ReleaseScriptCaches (0ms)
		RebuildScriptCaches (0ms)
		SetupLoadedEditorAssemblies (225ms)
			LogAssemblyErrors (0ms)
			InitializePlatformSupportModulesInManaged (7ms)
			SetLoadedEditorAssemblies (1ms)
			BeforeProcessingInitializeOnLoad (67ms)
			ProcessInitializeOnLoadAttributes (125ms)
			ProcessInitializeOnLoadMethodAttributes (24ms)
			AfterProcessingInitializeOnLoad (0ms)
			EditorAssembliesLoaded (0ms)
		ExecutionOrderSort2 (0ms)
		AwakeInstancesAfterBackupRestoration (2ms)
Refreshing native plugins compatible for Editor in 0.25 ms, found 2 plugins.
Preloading 0 native plugins for Editor in 0.00 ms.
Unloading 0 Unused Serialized files (Serialized files now loaded: 0)
Unloading 2961 unused Assets / (0.6 MB). Loaded Objects now: 3627.
Memory consumption went from 175.5 MB to 175.0 MB.
Total: 4.477334 ms (FindLiveObjects: 0.156542 ms CreateObjectMapping: 0.060625 ms MarkObjects: 3.847583 ms  DeleteObjects: 0.412250 ms)

Prepare: number of updated asset objects reloaded= 0
========================================================================
Received Prepare
Refreshing native plugins compatible for Editor in 0.46 ms, found 2 plugins.
Preloading 0 native plugins for Editor in 0.00 ms.
Unloading 0 Unused Serialized files (Serialized files now loaded: 0)
Unloading 2953 unused Assets / (0.5 MB). Loaded Objects now: 3627.
Memory consumption went from 170.8 MB to 170.3 MB.
Total: 4.235250 ms (FindLiveObjects: 0.150667 ms CreateObjectMapping: 0.042333 ms MarkObjects: 3.734542 ms  DeleteObjects: 0.307500 ms)

Prepare: number of updated asset objects reloaded= 0
========================================================================
Received Prepare
[Licensing::Client] Successfully resolved entitlement details
Begin MonoManager ReloadAssembly
[Licensing::Client] Successfully resolved entitlement details
Thread 0x16ba47000 may have been prematurely finalized
- Loaded All Assemblies, in  0.252 seconds
Refreshing native plugins compatible for Editor in 0.16 ms, found 2 plugins.
Native extension for LinuxStandalone target not found
Native extension for iOS target not found
Native extension for OSXStandalone target not found
[Package Manager] Failed to launch server process. Reason: Unity was launched with the -noUpm command-line argument
[Package Manager] Unable to send message (not connected to server process).
[Package Manager] Cannot connect to Unity Package Manager local server
ScheduleIndexationOnStartup MainProcess:False IndexOnStartup:True
Mono: successfully reloaded assembly
- Finished resetting the current domain, in  0.289 seconds
Domain Reload Profiling: 542ms
	BeginReloadAssembly (75ms)
		ExecutionOrderSort (0ms)
		DisableScriptedObjects (5ms)
		BackupInstance (0ms)
		ReleaseScriptingObjects (0ms)
		CreateAndSetChildDomain (20ms)
	RebuildCommonClasses (19ms)
	RebuildNativeTypeToScriptingClass (7ms)
	initialDomainReloadingComplete (10ms)
	LoadAllAssembliesAndSetupDomain (142ms)
		LoadAssemblies (110ms)
		RebuildTransferFunctionScriptingTraits (0ms)
		AnalyzeDomain (56ms)
			TypeCache.Refresh (4ms)
				TypeCache.ScanAssembly (0ms)
			BuildScriptInfoCaches (50ms)
			ResolveRequiredComponents (1ms)
	FinalizeReload (289ms)
		ReleaseScriptCaches (0ms)
		RebuildScriptCaches (0ms)
		SetupLoadedEditorAssemblies (236ms)
			LogAssemblyErrors (0ms)
			InitializePlatformSupportModulesInManaged (8ms)
			SetLoadedEditorAssemblies (2ms)
			BeforeProcessingInitializeOnLoad (70ms)
			ProcessInitializeOnLoadAttributes (133ms)
			ProcessInitializeOnLoadMethodAttributes (22ms)
			AfterProcessingInitializeOnLoad (1ms)
			EditorAssembliesLoaded (0ms)
		ExecutionOrderSort2 (0ms)
		AwakeInstancesAfterBackupRestoration (2ms)
Refreshing native plugins compatible for Editor in 0.37 ms, found 2 plugins.
Preloading 0 native plugins for Editor in 0.00 ms.
Unloading 0 Unused Serialized files (Serialized files now loaded: 0)
Unloading 2961 unused Assets / (0.5 MB). Loaded Objects now: 3630.
Memory consumption went from 179.1 MB to 178.6 MB.
Total: 4.103500 ms (FindLiveObjects: 0.160042 ms CreateObjectMapping: 0.050125 ms MarkObjects: 3.599708 ms  DeleteObjects: 0.293375 ms)

Prepare: number of updated asset objects reloaded= 0
========================================================================
Received Prepare
Begin MonoManager ReloadAssembly
Thread 0x16ba47000 may have been prematurely finalized
- Loaded All Assemblies, in  0.249 seconds
Refreshing native plugins compatible for Editor in 0.26 ms, found 2 plugins.
Native extension for LinuxStandalone target not found
Native extension for iOS target not found
Native extension for OSXStandalone target not found
[Package Manager] Failed to launch server process. Reason: Unity was launched with the -noUpm command-line argument
[Package Manager] Unable to send message (not connected to server process).
[Package Manager] Cannot connect to Unity Package Manager local server
ScheduleIndexationOnStartup MainProcess:False IndexOnStartup:True
Mono: successfully reloaded assembly
- Finished resetting the current domain, in  0.283 seconds
Domain Reload Profiling: 533ms
	BeginReloadAssembly (74ms)
		ExecutionOrderSort (0ms)
		DisableScriptedObjects (5ms)
		BackupInstance (0ms)
		ReleaseScriptingObjects (0ms)
		CreateAndSetChildDomain (19ms)
	RebuildCommonClasses (19ms)
	RebuildNativeTypeToScriptingClass (7ms)
	initialDomainReloadingComplete (10ms)
	LoadAllAssembliesAndSetupDomain (140ms)
		LoadAssemblies (107ms)
		RebuildTransferFunctionScriptingTraits (0ms)
		AnalyzeDomain (57ms)
			TypeCache.Refresh (3ms)
				TypeCache.ScanAssembly (0ms)
			BuildScriptInfoCaches (51ms)
			ResolveRequiredComponents (1ms)
	FinalizeReload (283ms)
		ReleaseScriptCaches (0ms)
		RebuildScriptCaches (0ms)
		SetupLoadedEditorAssemblies (232ms)
			LogAssemblyErrors (0ms)
			InitializePlatformSupportModulesInManaged (8ms)
			SetLoadedEditorAssemblies (1ms)
			BeforeProcessingInitializeOnLoad (66ms)
			ProcessInitializeOnLoadAttributes (133ms)
			ProcessInitializeOnLoadMethodAttributes (23ms)
			AfterProcessingInitializeOnLoad (0ms)
			EditorAssembliesLoaded (0ms)
		ExecutionOrderSort2 (0ms)
		AwakeInstancesAfterBackupRestoration (2ms)
Refreshing native plugins compatible for Editor in 0.30 ms, found 2 plugins.
Preloading 0 native plugins for Editor in 0.00 ms.
Unloading 0 Unused Serialized files (Serialized files now loaded: 0)
Unloading 2961 unused Assets / (0.6 MB). Loaded Objects now: 3633.
Memory consumption went from 183.0 MB to 182.4 MB.
Total: 4.245166 ms (FindLiveObjects: 0.160750 ms CreateObjectMapping: 0.051750 ms MarkObjects: 3.681250 ms  DeleteObjects: 0.350916 ms)

Prepare: number of updated asset objects reloaded= 0
========================================================================
Received Prepare
[Licensing::Client] Successfully resolved entitlement details
Begin MonoManager ReloadAssembly
[Licensing::Client] Successfully resolved entitlement details
Thread 0x16ba47000 may have been prematurely finalized
- Loaded All Assemblies, in  0.251 seconds
Refreshing native plugins compatible for Editor in 0.17 ms, found 2 plugins.
Native extension for LinuxStandalone target not found
Native extension for iOS target not found
Native extension for OSXStandalone target not found
[Package Manager] Failed to launch server process. Reason: Unity was launched with the -noUpm command-line argument
[Package Manager] Unable to send message (not connected to server process).
[Package Manager] Cannot connect to Unity Package Manager local server
ScheduleIndexationOnStartup MainProcess:False IndexOnStartup:True
Mono: successfully reloaded assembly
- Finished resetting the current domain, in  0.292 seconds
Domain Reload Profiling: 544ms
	BeginReloadAssembly (72ms)
		ExecutionOrderSort (0ms)
		DisableScriptedObjects (6ms)
		BackupInstance (0ms)
		ReleaseScriptingObjects (0ms)
		CreateAndSetChildDomain (18ms)
	RebuildCommonClasses (19ms)
	RebuildNativeTypeToScriptingClass (7ms)
	initialDomainReloadingComplete (9ms)
	LoadAllAssembliesAndSetupDomain (145ms)
		LoadAssemblies (109ms)
		RebuildTransferFunctionScriptingTraits (0ms)
		AnalyzeDomain (59ms)
			TypeCache.Refresh (5ms)
				TypeCache.ScanAssembly (0ms)
			BuildScriptInfoCaches (52ms)
			ResolveRequiredComponents (1ms)
	FinalizeReload (292ms)
		ReleaseScriptCaches (0ms)
		RebuildScriptCaches (0ms)
		SetupLoadedEditorAssemblies (241ms)
			LogAssemblyErrors (0ms)
			InitializePlatformSupportModulesInManaged (9ms)
			SetLoadedEditorAssemblies (2ms)
			BeforeProcessingInitializeOnLoad (72ms)
			ProcessInitializeOnLoadAttributes (136ms)
			ProcessInitializeOnLoadMethodAttributes (23ms)
			AfterProcessingInitializeOnLoad (0ms)
			EditorAssembliesLoaded (0ms)
		ExecutionOrderSort2 (0ms)
		AwakeInstancesAfterBackupRestoration (2ms)
Refreshing native plugins compatible for Editor in 0.27 ms, found 2 plugins.
Preloading 0 native plugins for Editor in 0.00 ms.
Unloading 0 Unused Serialized files (Serialized files now loaded: 0)
Unloading 2961 unused Assets / (0.6 MB). Loaded Objects now: 3636.
Memory consumption went from 186.6 MB to 186.0 MB.
Total: 4.062333 ms (FindLiveObjects: 0.121042 ms CreateObjectMapping: 0.051042 ms MarkObjects: 3.542959 ms  DeleteObjects: 0.347000 ms)

Prepare: number of updated asset objects reloaded= 0
========================================================================
Received Prepare
[Licensing::Client] Successfully resolved entitlement details
Begin MonoManager ReloadAssembly
[Licensing::Client] Successfully resolved entitlement details
Thread 0x16bed3000 may have been prematurely finalized
- Loaded All Assemblies, in  0.242 seconds
Refreshing native plugins compatible for Editor in 0.24 ms, found 2 plugins.
Native extension for LinuxStandalone target not found
Native extension for iOS target not found
Native extension for OSXStandalone target not found
[Package Manager] Failed to launch server process. Reason: Unity was launched with the -noUpm command-line argument
[Package Manager] Unable to send message (not connected to server process).
[Package Manager] Cannot connect to Unity Package Manager local server
ScheduleIndexationOnStartup MainProcess:False IndexOnStartup:True
Mono: successfully reloaded assembly
- Finished resetting the current domain, in  0.277 seconds
Domain Reload Profiling: 520ms
	BeginReloadAssembly (70ms)
		ExecutionOrderSort (0ms)
		DisableScriptedObjects (5ms)
		BackupInstance (0ms)
		ReleaseScriptingObjects (0ms)
		CreateAndSetChildDomain (18ms)
	RebuildCommonClasses (19ms)
	RebuildNativeTypeToScriptingClass (7ms)
	initialDomainReloadingComplete (10ms)
	LoadAllAssembliesAndSetupDomain (137ms)
		LoadAssemblies (101ms)
		RebuildTransferFunctionScriptingTraits (0ms)
		AnalyzeDomain (56ms)
			TypeCache.Refresh (3ms)
				TypeCache.ScanAssembly (0ms)
			BuildScriptInfoCaches (51ms)
			ResolveRequiredComponents (1ms)
	FinalizeReload (277ms)
		ReleaseScriptCaches (0ms)
		RebuildScriptCaches (0ms)
		SetupLoadedEditorAssemblies (227ms)
			LogAssemblyErrors (0ms)
			InitializePlatformSupportModulesInManaged (9ms)
			SetLoadedEditorAssemblies (1ms)
			BeforeProcessingInitializeOnLoad (68ms)
			ProcessInitializeOnLoadAttributes (127ms)
			ProcessInitializeOnLoadMethodAttributes (21ms)
			AfterProcessingInitializeOnLoad (0ms)
			EditorAssembliesLoaded (0ms)
		ExecutionOrderSort2 (0ms)
		AwakeInstancesAfterBackupRestoration (2ms)
Refreshing native plugins compatible for Editor in 0.33 ms, found 2 plugins.
Preloading 0 native plugins for Editor in 0.00 ms.
Unloading 0 Unused Serialized files (Serialized files now loaded: 0)
Unloading 2961 unused Assets / (0.5 MB). Loaded Objects now: 3639.
Memory consumption went from 189.9 MB to 189.4 MB.
Total: 4.005417 ms (FindLiveObjects: 0.136083 ms CreateObjectMapping: 0.047208 ms MarkObjects: 3.480542 ms  DeleteObjects: 0.341209 ms)

Prepare: number of updated asset objects reloaded= 0
========================================================================
Received Prepare
Begin MonoManager ReloadAssembly
Thread 0x16ba47000 may have been prematurely finalized
- Loaded All Assemblies, in  0.241 seconds
Refreshing native plugins compatible for Editor in 0.26 ms, found 2 plugins.
Native extension for LinuxStandalone target not found
Native extension for iOS target not found
Native extension for OSXStandalone target not found
[Package Manager] Failed to launch server process. Reason: Unity was launched with the -noUpm command-line argument
[Package Manager] Unable to send message (not connected to server process).
[Package Manager] Cannot connect to Unity Package Manager local server
ScheduleIndexationOnStartup MainProcess:False IndexOnStartup:True
Mono: successfully reloaded assembly
- Finished resetting the current domain, in  0.279 seconds
Domain Reload Profiling: 522ms
	BeginReloadAssembly (69ms)
		ExecutionOrderSort (0ms)
		DisableScriptedObjects (6ms)
		BackupInstance (0ms)
		ReleaseScriptingObjects (0ms)
		CreateAndSetChildDomain (17ms)
	RebuildCommonClasses (18ms)
	RebuildNativeTypeToScriptingClass (7ms)
	initialDomainReloadingComplete (9ms)
	LoadAllAssembliesAndSetupDomain (138ms)
		LoadAssemblies (103ms)
		RebuildTransferFunctionScriptingTraits (0ms)
		AnalyzeDomain (56ms)
			TypeCache.Refresh (3ms)
				TypeCache.ScanAssembly (0ms)
			BuildScriptInfoCaches (50ms)
			ResolveRequiredComponents (1ms)
	FinalizeReload (280ms)
		ReleaseScriptCaches (0ms)
		RebuildScriptCaches (0ms)
		SetupLoadedEditorAssemblies (229ms)
			LogAssemblyErrors (0ms)
			InitializePlatformSupportModulesInManaged (8ms)
			SetLoadedEditorAssemblies (1ms)
			BeforeProcessingInitializeOnLoad (69ms)
			ProcessInitializeOnLoadAttributes (128ms)
			ProcessInitializeOnLoadMethodAttributes (23ms)
			AfterProcessingInitializeOnLoad (0ms)
			EditorAssembliesLoaded (0ms)
		ExecutionOrderSort2 (0ms)
		AwakeInstancesAfterBackupRestoration (2ms)
Refreshing native plugins compatible for Editor in 0.37 ms, found 2 plugins.
Preloading 0 native plugins for Editor in 0.00 ms.
Unloading 0 Unused Serialized files (Serialized files now loaded: 0)
Unloading 2961 unused Assets / (0.5 MB). Loaded Objects now: 3642.
Memory consumption went from 193.7 MB to 193.2 MB.
Total: 4.149875 ms (FindLiveObjects: 0.150708 ms CreateObjectMapping: 0.047750 ms MarkObjects: 3.605208 ms  DeleteObjects: 0.345958 ms)

Prepare: number of updated asset objects reloaded= 0
========================================================================
Received Prepare
[Licensing::Client] Successfully resolved entitlement details
Begin MonoManager ReloadAssembly
[Licensing::Client] Successfully resolved entitlement details
Thread 0x16bd47000 may have been prematurely finalized
- Loaded All Assemblies, in  0.242 seconds
Refreshing native plugins compatible for Editor in 0.30 ms, found 2 plugins.
Native extension for LinuxStandalone target not found
Native extension for iOS target not found
Native extension for OSXStandalone target not found
[Package Manager] Failed to launch server process. Reason: Unity was launched with the -noUpm command-line argument
[Package Manager] Unable to send message (not connected to server process).
[Package Manager] Cannot connect to Unity Package Manager local server
ScheduleIndexationOnStartup MainProcess:False IndexOnStartup:True
Mono: successfully reloaded assembly
- Finished resetting the current domain, in  0.283 seconds
Domain Reload Profiling: 526ms
	BeginReloadAssembly (70ms)
		ExecutionOrderSort (0ms)
		DisableScriptedObjects (6ms)
		BackupInstance (0ms)
		ReleaseScriptingObjects (0ms)
		CreateAndSetChildDomain (18ms)
	RebuildCommonClasses (19ms)
	RebuildNativeTypeToScriptingClass (7ms)
	initialDomainReloadingComplete (9ms)
	LoadAllAssembliesAndSetupDomain (137ms)
		LoadAssemblies (103ms)
		RebuildTransferFunctionScriptingTraits (0ms)
		AnalyzeDomain (55ms)
			TypeCache.Refresh (3ms)
				TypeCache.ScanAssembly (0ms)
			BuildScriptInfoCaches (49ms)
			ResolveRequiredComponents (1ms)
	FinalizeReload (284ms)
		ReleaseScriptCaches (0ms)
		RebuildScriptCaches (0ms)
		SetupLoadedEditorAssemblies (232ms)
			LogAssemblyErrors (0ms)
			InitializePlatformSupportModulesInManaged (7ms)
			SetLoadedEditorAssemblies (2ms)
			BeforeProcessingInitializeOnLoad (69ms)
			ProcessInitializeOnLoadAttributes (131ms)
			ProcessInitializeOnLoadMethodAttributes (23ms)
			AfterProcessingInitializeOnLoad (1ms)
			EditorAssembliesLoaded (0ms)
		ExecutionOrderSort2 (0ms)
		AwakeInstancesAfterBackupRestoration (2ms)
Refreshing native plugins compatible for Editor in 0.35 ms, found 2 plugins.
Preloading 0 native plugins for Editor in 0.00 ms.
Unloading 0 Unused Serialized files (Serialized files now loaded: 0)
Unloading 2961 unused Assets / (0.5 MB). Loaded Objects now: 3645.
Memory consumption went from 197.2 MB to 196.7 MB.
Total: 4.272042 ms (FindLiveObjects: 0.136958 ms CreateObjectMapping: 0.055500 ms MarkObjects: 3.742292 ms  DeleteObjects: 0.337125 ms)

Prepare: number of updated asset objects reloaded= 0
========================================================================
Received Prepare
Refreshing native plugins compatible for Editor in 0.32 ms, found 2 plugins.
Preloading 0 native plugins for Editor in 0.00 ms.
Unloading 0 Unused Serialized files (Serialized files now loaded: 0)
Unloading 2953 unused Assets / (502.7 KB). Loaded Objects now: 3645.
Memory consumption went from 192.5 MB to 192.0 MB.
Total: 4.207833 ms (FindLiveObjects: 0.140083 ms CreateObjectMapping: 0.047333 ms MarkObjects: 3.697333 ms  DeleteObjects: 0.322792 ms)

Prepare: number of updated asset objects reloaded= 0
========================================================================
Received Prepare
[Licensing::Client] Successfully resolved entitlement details
Begin MonoManager ReloadAssembly
[Licensing::Client] Successfully resolved entitlement details
Thread 0x16bad3000 may have been prematurely finalized
- Loaded All Assemblies, in  0.247 seconds
Refreshing native plugins compatible for Editor in 0.23 ms, found 2 plugins.
Native extension for LinuxStandalone target not found
Native extension for iOS target not found
Native extension for OSXStandalone target not found
[Package Manager] Failed to launch server process. Reason: Unity was launched with the -noUpm command-line argument
[Package Manager] Unable to send message (not connected to server process).
[Package Manager] Cannot connect to Unity Package Manager local server
ScheduleIndexationOnStartup MainProcess:False IndexOnStartup:True
Mono: successfully reloaded assembly
- Finished resetting the current domain, in  0.306 seconds
Domain Reload Profiling: 554ms
	BeginReloadAssembly (72ms)
		ExecutionOrderSort (0ms)
		DisableScriptedObjects (6ms)
		BackupInstance (0ms)
		ReleaseScriptingObjects (0ms)
		CreateAndSetChildDomain (18ms)
	RebuildCommonClasses (19ms)
	RebuildNativeTypeToScriptingClass (7ms)
	initialDomainReloadingComplete (9ms)
	LoadAllAssembliesAndSetupDomain (140ms)
		LoadAssemblies (105ms)
		RebuildTransferFunctionScriptingTraits (0ms)
		AnalyzeDomain (57ms)
			TypeCache.Refresh (5ms)
				TypeCache.ScanAssembly (0ms)
			BuildScriptInfoCaches (50ms)
			ResolveRequiredComponents (1ms)
	FinalizeReload (306ms)
		ReleaseScriptCaches (0ms)
		RebuildScriptCaches (0ms)
		SetupLoadedEditorAssemblies (253ms)
			LogAssemblyErrors (0ms)
			InitializePlatformSupportModulesInManaged (9ms)
			SetLoadedEditorAssemblies (2ms)
			BeforeProcessingInitializeOnLoad (76ms)
			ProcessInitializeOnLoadAttributes (143ms)
			ProcessInitializeOnLoadMethodAttributes (23ms)
			AfterProcessingInitializeOnLoad (1ms)
			EditorAssembliesLoaded (0ms)
		ExecutionOrderSort2 (0ms)
		AwakeInstancesAfterBackupRestoration (2ms)
Refreshing native plugins compatible for Editor in 0.24 ms, found 2 plugins.
Preloading 0 native plugins for Editor in 0.00 ms.
Unloading 0 Unused Serialized files (Serialized files now loaded: 0)
Unloading 2961 unused Assets / (496.8 KB). Loaded Objects now: 3648.
Memory consumption went from 200.7 MB to 200.2 MB.
Total: 4.077125 ms (FindLiveObjects: 0.159333 ms CreateObjectMapping: 0.049625 ms MarkObjects: 3.541417 ms  DeleteObjects: 0.326667 ms)

Prepare: number of updated asset objects reloaded= 0
========================================================================
Received Prepare
[Licensing::Client] Successfully resolved entitlement details
Begin MonoManager ReloadAssembly
[Licensing::Client] Successfully resolved entitlement details
Thread 0x16bad3000 may have been prematurely finalized
- Loaded All Assemblies, in  0.246 seconds
Refreshing native plugins compatible for Editor in 0.21 ms, found 2 plugins.
Native extension for LinuxStandalone target not found
Native extension for iOS target not found
Native extension for OSXStandalone target not found
[Package Manager] Failed to launch server process. Reason: Unity was launched with the -noUpm command-line argument
[Package Manager] Unable to send message (not connected to server process).
[Package Manager] Cannot connect to Unity Package Manager local server
ScheduleIndexationOnStartup MainProcess:False IndexOnStartup:True
Mono: successfully reloaded assembly
- Finished resetting the current domain, in  0.289 seconds
Domain Reload Profiling: 536ms
	BeginReloadAssembly (72ms)
		ExecutionOrderSort (0ms)
		DisableScriptedObjects (5ms)
		BackupInstance (0ms)
		ReleaseScriptingObjects (0ms)
		CreateAndSetChildDomain (18ms)
	RebuildCommonClasses (19ms)
	RebuildNativeTypeToScriptingClass (7ms)
	initialDomainReloadingComplete (10ms)
	LoadAllAssembliesAndSetupDomain (139ms)
		LoadAssemblies (105ms)
		RebuildTransferFunctionScriptingTraits (0ms)
		AnalyzeDomain (56ms)
			TypeCache.Refresh (5ms)
				TypeCache.ScanAssembly (0ms)
			BuildScriptInfoCaches (49ms)
			ResolveRequiredComponents (1ms)
	FinalizeReload (289ms)
		ReleaseScriptCaches (0ms)
		RebuildScriptCaches (0ms)
		SetupLoadedEditorAssemblies (236ms)
			LogAssemblyErrors (0ms)
			InitializePlatformSupportModulesInManaged (7ms)
			SetLoadedEditorAssemblies (2ms)
			BeforeProcessingInitializeOnLoad (70ms)
			ProcessInitializeOnLoadAttributes (134ms)
			ProcessInitializeOnLoadMethodAttributes (23ms)
			AfterProcessingInitializeOnLoad (1ms)
			EditorAssembliesLoaded (0ms)
		ExecutionOrderSort2 (0ms)
		AwakeInstancesAfterBackupRestoration (2ms)
Refreshing native plugins compatible for Editor in 0.28 ms, found 2 plugins.
Preloading 0 native plugins for Editor in 0.00 ms.
Unloading 0 Unused Serialized files (Serialized files now loaded: 0)
Unloading 2961 unused Assets / (0.6 MB). Loaded Objects now: 3651.
Memory consumption went from 204.5 MB to 203.9 MB.
Total: 4.139667 ms (FindLiveObjects: 0.141209 ms CreateObjectMapping: 0.047125 ms MarkObjects: 3.662958 ms  DeleteObjects: 0.288042 ms)

Prepare: number of updated asset objects reloaded= 0
========================================================================
Received Prepare
Begin MonoManager ReloadAssembly
Thread 0x16bad3000 may have been prematurely finalized
- Loaded All Assemblies, in  0.245 seconds
Refreshing native plugins compatible for Editor in 0.27 ms, found 2 plugins.
Native extension for LinuxStandalone target not found
Native extension for iOS target not found
Native extension for OSXStandalone target not found
[Package Manager] Failed to launch server process. Reason: Unity was launched with the -noUpm command-line argument
[Package Manager] Unable to send message (not connected to server process).
[Package Manager] Cannot connect to Unity Package Manager local server
ScheduleIndexationOnStartup MainProcess:False IndexOnStartup:True
Mono: successfully reloaded assembly
- Finished resetting the current domain, in  0.284 seconds
Domain Reload Profiling: 530ms
	BeginReloadAssembly (70ms)
		ExecutionOrderSort (0ms)
		DisableScriptedObjects (5ms)
		BackupInstance (0ms)
		ReleaseScriptingObjects (0ms)
		CreateAndSetChildDomain (18ms)
	RebuildCommonClasses (19ms)
	RebuildNativeTypeToScriptingClass (7ms)
	initialDomainReloadingComplete (10ms)
	LoadAllAssembliesAndSetupDomain (139ms)
		LoadAssemblies (105ms)
		RebuildTransferFunctionScriptingTraits (0ms)
		AnalyzeDomain (57ms)
			TypeCache.Refresh (3ms)
				TypeCache.ScanAssembly (0ms)
			BuildScriptInfoCaches (51ms)
			ResolveRequiredComponents (1ms)
	FinalizeReload (285ms)
		ReleaseScriptCaches (0ms)
		RebuildScriptCaches (0ms)
		SetupLoadedEditorAssemblies (234ms)
			LogAssemblyErrors (0ms)
			InitializePlatformSupportModulesInManaged (8ms)
			SetLoadedEditorAssemblies (1ms)
			BeforeProcessingInitializeOnLoad (69ms)
			ProcessInitializeOnLoadAttributes (131ms)
			ProcessInitializeOnLoadMethodAttributes (23ms)
			AfterProcessingInitializeOnLoad (0ms)
			EditorAssembliesLoaded (0ms)
		ExecutionOrderSort2 (0ms)
		AwakeInstancesAfterBackupRestoration (2ms)
Refreshing native plugins compatible for Editor in 0.37 ms, found 2 plugins.
Preloading 0 native plugins for Editor in 0.00 ms.
Unloading 0 Unused Serialized files (Serialized files now loaded: 0)
Unloading 2961 unused Assets / (382.9 KB). Loaded Objects now: 3654.
Memory consumption went from 208.3 MB to 207.9 MB.
Total: 3.797041 ms (FindLiveObjects: 0.151792 ms CreateObjectMapping: 0.049667 ms MarkObjects: 3.325416 ms  DeleteObjects: 0.269709 ms)

Prepare: number of updated asset objects reloaded= 0
========================================================================
Received Prepare
[Licensing::Client] Successfully resolved entitlement details
Begin MonoManager ReloadAssembly
[Licensing::Client] Successfully resolved entitlement details
Thread 0x16bad3000 may have been prematurely finalized
- Loaded All Assemblies, in  0.243 seconds
Refreshing native plugins compatible for Editor in 0.19 ms, found 2 plugins.
Native extension for LinuxStandalone target not found
Native extension for iOS target not found
Native extension for OSXStandalone target not found
[Package Manager] Failed to launch server process. Reason: Unity was launched with the -noUpm command-line argument
[Package Manager] Unable to send message (not connected to server process).
[Package Manager] Cannot connect to Unity Package Manager local server
ScheduleIndexationOnStartup MainProcess:False IndexOnStartup:True
Mono: successfully reloaded assembly
- Finished resetting the current domain, in  0.294 seconds
Domain Reload Profiling: 538ms
	BeginReloadAssembly (70ms)
		ExecutionOrderSort (0ms)
		DisableScriptedObjects (5ms)
		BackupInstance (0ms)
		ReleaseScriptingObjects (0ms)
		CreateAndSetChildDomain (18ms)
	RebuildCommonClasses (19ms)
	RebuildNativeTypeToScriptingClass (7ms)
	initialDomainReloadingComplete (9ms)
	LoadAllAssembliesAndSetupDomain (139ms)
		LoadAssemblies (104ms)
		RebuildTransferFunctionScriptingTraits (0ms)
		AnalyzeDomain (57ms)
			TypeCache.Refresh (5ms)
				TypeCache.ScanAssembly (0ms)
			BuildScriptInfoCaches (50ms)
			ResolveRequiredComponents (1ms)
	FinalizeReload (294ms)
		ReleaseScriptCaches (0ms)
		RebuildScriptCaches (0ms)
		SetupLoadedEditorAssemblies (239ms)
			LogAssemblyErrors (0ms)
			InitializePlatformSupportModulesInManaged (8ms)
			SetLoadedEditorAssemblies (2ms)
			BeforeProcessingInitializeOnLoad (72ms)
			ProcessInitializeOnLoadAttributes (134ms)
			ProcessInitializeOnLoadMethodAttributes (23ms)
			AfterProcessingInitializeOnLoad (1ms)
			EditorAssembliesLoaded (0ms)
		ExecutionOrderSort2 (0ms)
		AwakeInstancesAfterBackupRestoration (2ms)
Refreshing native plugins compatible for Editor in 0.23 ms, found 2 plugins.
Preloading 0 native plugins for Editor in 0.00 ms.
Unloading 0 Unused Serialized files (Serialized files now loaded: 0)
Unloading 2961 unused Assets / (0.7 MB). Loaded Objects now: 3657.
Memory consumption went from 211.9 MB to 211.2 MB.
Total: 4.003250 ms (FindLiveObjects: 0.141833 ms CreateObjectMapping: 0.048625 ms MarkObjects: 3.526542 ms  DeleteObjects: 0.286041 ms)

Prepare: number of updated asset objects reloaded= 0
========================================================================
Received Prepare
[Licensing::Client] Successfully resolved entitlement details
Begin MonoManager ReloadAssembly
[Licensing::Client] Successfully resolved entitlement details
Thread 0x16bad3000 may have been prematurely finalized
- Loaded All Assemblies, in  0.249 seconds
Refreshing native plugins compatible for Editor in 0.27 ms, found 2 plugins.
Native extension for LinuxStandalone target not found
Native extension for iOS target not found
Native extension for OSXStandalone target not found
[Package Manager] Failed to launch server process. Reason: Unity was launched with the -noUpm command-line argument
[Package Manager] Unable to send message (not connected to server process).
[Package Manager] Cannot connect to Unity Package Manager local server
ScheduleIndexationOnStartup MainProcess:False IndexOnStartup:True
Mono: successfully reloaded assembly
- Finished resetting the current domain, in  0.288 seconds
Domain Reload Profiling: 537ms
	BeginReloadAssembly (73ms)
		ExecutionOrderSort (0ms)
		DisableScriptedObjects (5ms)
		BackupInstance (0ms)
		ReleaseScriptingObjects (0ms)
		CreateAndSetChildDomain (18ms)
	RebuildCommonClasses (19ms)
	RebuildNativeTypeToScriptingClass (7ms)
	initialDomainReloadingComplete (10ms)
	LoadAllAssembliesAndSetupDomain (141ms)
		LoadAssemblies (110ms)
		RebuildTransferFunctionScriptingTraits (0ms)
		AnalyzeDomain (55ms)
			TypeCache.Refresh (4ms)
				TypeCache.ScanAssembly (0ms)
			BuildScriptInfoCaches (49ms)
			ResolveRequiredComponents (1ms)
	FinalizeReload (288ms)
		ReleaseScriptCaches (0ms)
		RebuildScriptCaches (0ms)
		SetupLoadedEditorAssemblies (236ms)
			LogAssemblyErrors (0ms)
			InitializePlatformSupportModulesInManaged (8ms)
			SetLoadedEditorAssemblies (1ms)
			BeforeProcessingInitializeOnLoad (71ms)
			ProcessInitializeOnLoadAttributes (134ms)
			ProcessInitializeOnLoadMethodAttributes (21ms)
			AfterProcessingInitializeOnLoad (1ms)
			EditorAssembliesLoaded (0ms)
		ExecutionOrderSort2 (0ms)
		AwakeInstancesAfterBackupRestoration (2ms)
Refreshing native plugins compatible for Editor in 0.29 ms, found 2 plugins.
Preloading 0 native plugins for Editor in 0.00 ms.
Unloading 0 Unused Serialized files (Serialized files now loaded: 0)
Unloading 2962 unused Assets / (486.9 KB). Loaded Objects now: 3661.
Memory consumption went from 215.5 MB to 215.0 MB.
Total: 4.209917 ms (FindLiveObjects: 0.138041 ms CreateObjectMapping: 0.046959 ms MarkObjects: 3.736625 ms  DeleteObjects: 0.287917 ms)

Prepare: number of updated asset objects reloaded= 0
========================================================================
Received Prepare
Begin MonoManager ReloadAssembly
Thread 0x16bad3000 may have been prematurely finalized
- Loaded All Assemblies, in  0.243 seconds
Refreshing native plugins compatible for Editor in 0.20 ms, found 2 plugins.
Native extension for LinuxStandalone target not found
Native extension for iOS target not found
Native extension for OSXStandalone target not found
[Package Manager] Failed to launch server process. Reason: Unity was launched with the -noUpm command-line argument
[Package Manager] Unable to send message (not connected to server process).
[Package Manager] Cannot connect to Unity Package Manager local server
ScheduleIndexationOnStartup MainProcess:False IndexOnStartup:True
Mono: successfully reloaded assembly
- Finished resetting the current domain, in  0.276 seconds
Domain Reload Profiling: 521ms
	BeginReloadAssembly (72ms)
		ExecutionOrderSort (0ms)
		DisableScriptedObjects (6ms)
		BackupInstance (0ms)
		ReleaseScriptingObjects (0ms)
		CreateAndSetChildDomain (18ms)
	RebuildCommonClasses (19ms)
	RebuildNativeTypeToScriptingClass (7ms)
	initialDomainReloadingComplete (10ms)
	LoadAllAssembliesAndSetupDomain (137ms)
		LoadAssemblies (105ms)
		RebuildTransferFunctionScriptingTraits (0ms)
		AnalyzeDomain (54ms)
			TypeCache.Refresh (3ms)
				TypeCache.ScanAssembly (0ms)
			BuildScriptInfoCaches (48ms)
			ResolveRequiredComponents (1ms)
	FinalizeReload (276ms)
		ReleaseScriptCaches (0ms)
		RebuildScriptCaches (0ms)
		SetupLoadedEditorAssemblies (226ms)
			LogAssemblyErrors (0ms)
			InitializePlatformSupportModulesInManaged (8ms)
			SetLoadedEditorAssemblies (2ms)
			BeforeProcessingInitializeOnLoad (68ms)
			ProcessInitializeOnLoadAttributes (127ms)
			ProcessInitializeOnLoadMethodAttributes (20ms)
			AfterProcessingInitializeOnLoad (0ms)
			EditorAssembliesLoaded (0ms)
		ExecutionOrderSort2 (0ms)
		AwakeInstancesAfterBackupRestoration (2ms)
Refreshing native plugins compatible for Editor in 0.26 ms, found 2 plugins.
Preloading 0 native plugins for Editor in 0.00 ms.
Unloading 0 Unused Serialized files (Serialized files now loaded: 0)
Unloading 2962 unused Assets / (0.5 MB). Loaded Objects now: 3664.
Memory consumption went from 219.3 MB to 218.8 MB.
Total: 4.260959 ms (FindLiveObjects: 0.145375 ms CreateObjectMapping: 0.047541 ms MarkObjects: 3.725667 ms  DeleteObjects: 0.342250 ms)

Prepare: number of updated asset objects reloaded= 0
========================================================================
Received Prepare
[Licensing::Client] Successfully resolved entitlement details
Begin MonoManager ReloadAssembly
[Licensing::Client] Successfully resolved entitlement details
Thread 0x16bad3000 may have been prematurely finalized
- Loaded All Assemblies, in  0.240 seconds
Refreshing native plugins compatible for Editor in 0.18 ms, found 2 plugins.
Native extension for LinuxStandalone target not found
Native extension for iOS target not found
Native extension for OSXStandalone target not found
[Package Manager] Failed to launch server process. Reason: Unity was launched with the -noUpm command-line argument
[Package Manager] Unable to send message (not connected to server process).
[Package Manager] Cannot connect to Unity Package Manager local server
ScheduleIndexationOnStartup MainProcess:False IndexOnStartup:True
Mono: successfully reloaded assembly
- Finished resetting the current domain, in  0.279 seconds
Domain Reload Profiling: 520ms
	BeginReloadAssembly (69ms)
		ExecutionOrderSort (0ms)
		DisableScriptedObjects (6ms)
		BackupInstance (0ms)
		ReleaseScriptingObjects (0ms)
		CreateAndSetChildDomain (17ms)
	RebuildCommonClasses (18ms)
	RebuildNativeTypeToScriptingClass (7ms)
	initialDomainReloadingComplete (10ms)
	LoadAllAssembliesAndSetupDomain (138ms)
		LoadAssemblies (103ms)
		RebuildTransferFunctionScriptingTraits (0ms)
		AnalyzeDomain (55ms)
			TypeCache.Refresh (3ms)
				TypeCache.ScanAssembly (0ms)
			BuildScriptInfoCaches (49ms)
			ResolveRequiredComponents (1ms)
	FinalizeReload (279ms)
		ReleaseScriptCaches (0ms)
		RebuildScriptCaches (0ms)
		SetupLoadedEditorAssemblies (229ms)
			LogAssemblyErrors (0ms)
			InitializePlatformSupportModulesInManaged (8ms)
			SetLoadedEditorAssemblies (2ms)
			BeforeProcessingInitializeOnLoad (70ms)
			ProcessInitializeOnLoadAttributes (128ms)
			ProcessInitializeOnLoadMethodAttributes (22ms)
			AfterProcessingInitializeOnLoad (1ms)
			EditorAssembliesLoaded (0ms)
		ExecutionOrderSort2 (0ms)
		AwakeInstancesAfterBackupRestoration (2ms)
Refreshing native plugins compatible for Editor in 0.31 ms, found 2 plugins.
Preloading 0 native plugins for Editor in 0.00 ms.
Unloading 0 Unused Serialized files (Serialized files now loaded: 0)
Unloading 2962 unused Assets / (0.8 MB). Loaded Objects now: 3667.
Memory consumption went from 222.9 MB to 222.2 MB.
Total: 4.207750 ms (FindLiveObjects: 0.153084 ms CreateObjectMapping: 0.049916 ms MarkObjects: 3.570000 ms  DeleteObjects: 0.434417 ms)

Prepare: number of updated asset objects reloaded= 0
========================================================================
Received Prepare
[Licensing::Client] Successfully resolved entitlement details
Begin MonoManager ReloadAssembly
[Licensing::Client] Successfully resolved entitlement details
Thread 0x16bad3000 may have been prematurely finalized
- Loaded All Assemblies, in  0.247 seconds
Refreshing native plugins compatible for Editor in 0.33 ms, found 2 plugins.
Native extension for LinuxStandalone target not found
Native extension for iOS target not found
Native extension for OSXStandalone target not found
[Package Manager] Failed to launch server process. Reason: Unity was launched with the -noUpm command-line argument
[Package Manager] Unable to send message (not connected to server process).
[Package Manager] Cannot connect to Unity Package Manager local server
ScheduleIndexationOnStartup MainProcess:False IndexOnStartup:True
Mono: successfully reloaded assembly
- Finished resetting the current domain, in  0.290 seconds
Domain Reload Profiling: 538ms
	BeginReloadAssembly (76ms)
		ExecutionOrderSort (0ms)
		DisableScriptedObjects (5ms)
		BackupInstance (0ms)
		ReleaseScriptingObjects (0ms)
		CreateAndSetChildDomain (19ms)
	RebuildCommonClasses (19ms)
	RebuildNativeTypeToScriptingClass (7ms)
	initialDomainReloadingComplete (9ms)
	LoadAllAssembliesAndSetupDomain (137ms)
		LoadAssemblies (107ms)
		RebuildTransferFunctionScriptingTraits (0ms)
		AnalyzeDomain (55ms)
			TypeCache.Refresh (5ms)
				TypeCache.ScanAssembly (0ms)
			BuildScriptInfoCaches (48ms)
			ResolveRequiredComponents (1ms)
	FinalizeReload (290ms)
		ReleaseScriptCaches (0ms)
		RebuildScriptCaches (0ms)
		SetupLoadedEditorAssemblies (236ms)
			LogAssemblyErrors (0ms)
			InitializePlatformSupportModulesInManaged (7ms)
			SetLoadedEditorAssemblies (2ms)
			BeforeProcessingInitializeOnLoad (69ms)
			ProcessInitializeOnLoadAttributes (136ms)
			ProcessInitializeOnLoadMethodAttributes (21ms)
			AfterProcessingInitializeOnLoad (1ms)
			EditorAssembliesLoaded (0ms)
		ExecutionOrderSort2 (0ms)
		AwakeInstancesAfterBackupRestoration (2ms)
Refreshing native plugins compatible for Editor in 0.29 ms, found 2 plugins.
Preloading 0 native plugins for Editor in 0.00 ms.
Unloading 0 Unused Serialized files (Serialized files now loaded: 0)
Unloading 2962 unused Assets / (501.4 KB). Loaded Objects now: 3670.
Memory consumption went from 226.7 MB to 226.2 MB.
Total: 3.688041 ms (FindLiveObjects: 0.138084 ms CreateObjectMapping: 0.043417 ms MarkObjects: 3.206125 ms  DeleteObjects: 0.300083 ms)

Prepare: number of updated asset objects reloaded= 0
========================================================================
Received Prepare
Begin MonoManager ReloadAssembly
Thread 0x16bad3000 may have been prematurely finalized
- Loaded All Assemblies, in  0.246 seconds
Refreshing native plugins compatible for Editor in 0.20 ms, found 2 plugins.
Native extension for LinuxStandalone target not found
Native extension for iOS target not found
Native extension for OSXStandalone target not found
[Package Manager] Failed to launch server process. Reason: Unity was launched with the -noUpm command-line argument
[Package Manager] Unable to send message (not connected to server process).
[Package Manager] Cannot connect to Unity Package Manager local server
ScheduleIndexationOnStartup MainProcess:False IndexOnStartup:True
Mono: successfully reloaded assembly
- Finished resetting the current domain, in  0.283 seconds
Domain Reload Profiling: 530ms
	BeginReloadAssembly (71ms)
		ExecutionOrderSort (0ms)
		DisableScriptedObjects (5ms)
		BackupInstance (0ms)
		ReleaseScriptingObjects (0ms)
		CreateAndSetChildDomain (18ms)
	RebuildCommonClasses (19ms)
	RebuildNativeTypeToScriptingClass (7ms)
	initialDomainReloadingComplete (10ms)
	LoadAllAssembliesAndSetupDomain (139ms)
		LoadAssemblies (107ms)
		RebuildTransferFunctionScriptingTraits (0ms)
		AnalyzeDomain (54ms)
			TypeCache.Refresh (3ms)
				TypeCache.ScanAssembly (0ms)
			BuildScriptInfoCaches (49ms)
			ResolveRequiredComponents (1ms)
	FinalizeReload (284ms)
		ReleaseScriptCaches (0ms)
		RebuildScriptCaches (0ms)
		SetupLoadedEditorAssemblies (232ms)
			LogAssemblyErrors (0ms)
			InitializePlatformSupportModulesInManaged (7ms)
			SetLoadedEditorAssemblies (1ms)
			BeforeProcessingInitializeOnLoad (68ms)
			ProcessInitializeOnLoadAttributes (131ms)
			ProcessInitializeOnLoadMethodAttributes (23ms)
			AfterProcessingInitializeOnLoad (0ms)
			EditorAssembliesLoaded (0ms)
		ExecutionOrderSort2 (0ms)
		AwakeInstancesAfterBackupRestoration (2ms)
Refreshing native plugins compatible for Editor in 0.34 ms, found 2 plugins.
Preloading 0 native plugins for Editor in 0.00 ms.
Unloading 0 Unused Serialized files (Serialized files now loaded: 0)
Unloading 2962 unused Assets / (0.6 MB). Loaded Objects now: 3673.
Memory consumption went from 230.4 MB to 229.8 MB.
Total: 4.179833 ms (FindLiveObjects: 0.147834 ms CreateObjectMapping: 0.058084 ms MarkObjects: 3.601791 ms  DeleteObjects: 0.371792 ms)

Prepare: number of updated asset objects reloaded= 0
========================================================================
Received Prepare
Refreshing native plugins compatible for Editor in 0.28 ms, found 2 plugins.
Preloading 0 native plugins for Editor in 0.00 ms.
Unloading 0 Unused Serialized files (Serialized files now loaded: 0)
Unloading 2954 unused Assets / (0.6 MB). Loaded Objects now: 3673.
Memory consumption went from 225.8 MB to 225.2 MB.
Total: 4.076500 ms (FindLiveObjects: 0.136667 ms CreateObjectMapping: 0.049750 ms MarkObjects: 3.550000 ms  DeleteObjects: 0.339500 ms)

Prepare: number of updated asset objects reloaded= 0
========================================================================
Received Prepare
[Licensing::Client] Successfully resolved entitlement details
Begin MonoManager ReloadAssembly
[Licensing::Client] Successfully resolved entitlement details
Thread 0x16bad3000 may have been prematurely finalized
- Loaded All Assemblies, in  0.247 seconds
Refreshing native plugins compatible for Editor in 0.25 ms, found 2 plugins.
Native extension for LinuxStandalone target not found
Native extension for iOS target not found
Native extension for OSXStandalone target not found
[Package Manager] Failed to launch server process. Reason: Unity was launched with the -noUpm command-line argument
[Package Manager] Unable to send message (not connected to server process).
[Package Manager] Cannot connect to Unity Package Manager local server
ScheduleIndexationOnStartup MainProcess:False IndexOnStartup:True
Mono: successfully reloaded assembly
- Finished resetting the current domain, in  0.320 seconds
Domain Reload Profiling: 568ms
	BeginReloadAssembly (73ms)
		ExecutionOrderSort (0ms)
		DisableScriptedObjects (6ms)
		BackupInstance (0ms)
		ReleaseScriptingObjects (0ms)
		CreateAndSetChildDomain (18ms)
	RebuildCommonClasses (19ms)
	RebuildNativeTypeToScriptingClass (7ms)
	initialDomainReloadingComplete (10ms)
	LoadAllAssembliesAndSetupDomain (139ms)
		LoadAssemblies (104ms)
		RebuildTransferFunctionScriptingTraits (0ms)
		AnalyzeDomain (57ms)
			TypeCache.Refresh (5ms)
				TypeCache.ScanAssembly (0ms)
			BuildScriptInfoCaches (50ms)
			ResolveRequiredComponents (1ms)
	FinalizeReload (320ms)
		ReleaseScriptCaches (0ms)
		RebuildScriptCaches (0ms)
		SetupLoadedEditorAssemblies (264ms)
			LogAssemblyErrors (0ms)
			InitializePlatformSupportModulesInManaged (9ms)
			SetLoadedEditorAssemblies (1ms)
			BeforeProcessingInitializeOnLoad (79ms)
			ProcessInitializeOnLoadAttributes (150ms)
			ProcessInitializeOnLoadMethodAttributes (23ms)
			AfterProcessingInitializeOnLoad (1ms)
			EditorAssembliesLoaded (0ms)
		ExecutionOrderSort2 (0ms)
		AwakeInstancesAfterBackupRestoration (2ms)
Refreshing native plugins compatible for Editor in 0.32 ms, found 2 plugins.
Preloading 0 native plugins for Editor in 0.00 ms.
Unloading 0 Unused Serialized files (Serialized files now loaded: 0)
Unloading 2962 unused Assets / (0.5 MB). Loaded Objects now: 3676.
Memory consumption went from 234.0 MB to 233.5 MB.
Total: 4.026291 ms (FindLiveObjects: 0.131209 ms CreateObjectMapping: 0.048333 ms MarkObjects: 3.521042 ms  DeleteObjects: 0.325291 ms)

Prepare: number of updated asset objects reloaded= 0
